Company_Name,Year,Revenue_Increase_Rate,Operating_Income(added)_Increase_Rate,Net_Income(added)_Increase_Rate,Revenue_Profit_Status,Operating_Income(added)_Profit_Status,Net_Income(added)_Profit_Status,Debt_Equity_Ratio,ROA,ROE,EPS,PER,Current_Stock,Future_Stock
삼성전자,2017,0.0,0.0,0.0,P,P,P,30.79,14.53,19.0,5997.0,8.5,"{'Low': 49500, 'High': 50960, 'Close': 50960}","{'Low': 38200, 'High': 38900, 'Close': 38700}"
삼성전자,2018,4.969345036534697,20.23448761404348,12.233047277251128,P_Contd,P_Contd,P_Contd,26.61,14.98,18.97,6461.0,5.99,"{'Low': 38200, 'High': 38900, 'Close': 38700}","{'Low': 55700, 'High': 56600, 'Close': 55800}"
삼성전자,2019,-10.085108655904586,-209.59435757549008,-113.73305961191592,P_Contd,P_Contd,P_Contd,21.54,7.1,8.63,3166.0,17.62,"{'Low': 55700, 'High': 56600, 'Close': 55800}","{'Low': 77300, 'High': 81300, 'Close': 81000}"
삼성전자,2020,6.937796507031208,31.20968426588971,1.6759186572823677,P_Contd,P_Contd,P_Contd,25.28,6.8,8.52,3841.0,21.09,"{'Low': 77300, 'High': 81300, 'Close': 81000}","{'Low': 78100, 'High': 79500, 'Close': 78300}"
삼성전자,2021,16.738122795295123,35.86450129562061,49.58173390461269,P_Contd,P_Contd,P_Contd,29.98,12.33,16.03,5777.0,13.55,"{'Low': 78100, 'High': 79500, 'Close': 78300}","{'Low': 55300, 'High': 56200, 'Close': 55300}"
삼성전자,2022,5.721868135847916,-26.358648761979435,-21.84281242788304,P_Contd,P_Contd,P_Contd,24.19,9.77,12.14,8057.0,6.86,"{'Low': 55300, 'High': 56200, 'Close': 55300}",0
SK하이닉스,2017,0.0,0.0,0.0,P,P,P,30.79,14.53,19.0,15073.0,5.08,"{'Low': 75200, 'High': 76700, 'Close': 76500}","{'Low': 60500, 'High': 62300, 'Close': 60500}"
SK하이닉스,2018,4.969345036534697,20.23448761404348,12.233047277251128,P_Contd,P_Contd,P_Contd,26.61,14.98,18.97,22255.0,2.72,"{'Low': 60500, 'High': 62300, 'Close': 60500}","{'Low': 94100, 'High': 96300, 'Close': 94100}"
SK하이닉스,2019,-10.085108655904586,-209.59435757549008,-113.73305961191592,P_Contd,P_Contd,P_Contd,21.54,7.1,8.63,2943.0,31.97,"{'Low': 94100, 'High': 96300, 'Close': 94100}","{'Low': 114500, 'High': 118500, 'Close': 118500}"
SK하이닉스,2020,6.937796507031208,31.20968426588971,1.6759186572823677,P_Contd,P_Contd,P_Contd,25.28,6.8,8.52,6952.0,17.05,"{'Low': 114500, 'High': 118500, 'Close': 118500}","{'Low': 130000, 'High': 133500, 'Close': 131000}"
SK하이닉스,2021,16.738122795295123,35.86450129562061,49.58173390461269,P_Contd,P_Contd,P_Contd,29.98,12.33,16.03,13989.0,9.36,"{'Low': 130000, 'High': 133500, 'Close': 131000}","{'Low': 74700, 'High': 75600, 'Close': 75000}"
SK하이닉스,2022,5.721868135847916,-26.358648761979435,-21.84281242788304,P_Contd,P_Contd,P_Contd,24.19,9.77,12.14,3242.0,23.13,"{'Low': 74700, 'High': 75600, 'Close': 75000}",0
LG에너지솔루션,2017,,,,,,,,,,,,,
LG에너지솔루션,2018,,,,,,,,,,,,,
LG에너지솔루션,2019,,,,,,,,,,,,,
LG에너지솔루션,2020,,,,,,,,,,,,,
LG에너지솔루션,2021,,,,,,,,,,,,,
LG에너지솔루션,2022,,,,,,,,,,,,,
삼성바이오로직스,2017,0.0,0.0,0.0,P,P,L,30.79,14.53,19.0,-1466.0,-250.11,"{'Low': 362704, 'High': 369128, 'Close': 366658}","{'Low': 372587, 'High': 391365, 'Close': 381977}"
삼성바이오로직스,2018,4.969345036534697,20.23448761404348,12.233047277251128,P_Contd,P_Contd,P_Turned,26.61,14.98,18.97,3387.0,112.78,"{'Low': 372587, 'High': 391365, 'Close': 381977}","{'Low': 423485, 'High': 436827, 'Close': 427932}"
삼성바이오로직스,2019,-10.085108655904586,-209.59435757549008,-113.73305961191592,P_Contd,P_Contd,P_Contd,21.54,7.1,8.63,3067.0,139.53,"{'Low': 423485, 'High': 436827, 'Close': 427932}","{'Low': 806449, 'High': 823250, 'Close': 816333}"
삼성바이오로직스,2020,6.937796507031208,31.20968426588971,1.6759186572823677,P_Contd,P_Contd,P_Contd,25.28,6.8,8.52,3642.0,224.14,"{'Low': 806449, 'High': 823250, 'Close': 816333}","{'Low': 885513, 'High': 947776, 'Close': 892432}"
삼성바이오로직스,2021,16.738122795295123,35.86450129562061,49.58173390461269,P_Contd,P_Contd,P_Contd,29.98,12.33,16.03,5949.0,150.01,"{'Low': 885513, 'High': 947776, 'Close': 892432}","{'Low': 820000, 'High': 831000, 'Close': 821000}"
삼성바이오로직스,2022,5.721868135847916,-26.358648761979435,-21.84281242788304,P_Contd,P_Contd,P_Contd,24.19,9.77,12.14,11442.0,71.75,"{'Low': 820000, 'High': 831000, 'Close': 821000}",0
삼성전자우,2017,,,,,,,,,,,,"{'Low': 40260, 'High': 41800, 'Close': 41800}","{'Low': 31250, 'High': 31800, 'Close': 31750}"
삼성전자우,2018,,,,,,,,,,,,"{'Low': 31250, 'High': 31800, 'Close': 31750}","{'Low': 45400, 'High': 45850, 'Close': 45400}"
삼성전자우,2019,,,,,,,,,,,,"{'Low': 45400, 'High': 45850, 'Close': 45400}","{'Low': 71500, 'High': 74000, 'Close': 73600}"
삼성전자우,2020,,,,,,,,,,,,"{'Low': 71500, 'High': 74000, 'Close': 73600}","{'Low': 71200, 'High': 72000, 'Close': 71200}"
삼성전자우,2021,,,,,,,,,,,,"{'Low': 71200, 'High': 72000, 'Close': 71200}","{'Low': 50400, 'High': 51100, 'Close': 50500}"
삼성전자우,2022,,,,,,,,,,,,"{'Low': 50400, 'High': 51100, 'Close': 50500}",0
기아,2017,0.0,0.0,0.0,P,P,P,30.79,14.53,19.0,2414.0,13.88,"{'Low': 32750, 'High': 33500, 'Close': 33500}","{'Low': 33150, 'High': 33900, 'Close': 33700}"
기아,2018,4.969345036534697,20.23448761404348,12.233047277251128,P_Contd,P_Contd,P_Contd,26.61,14.98,18.97,2883.0,11.69,"{'Low': 33150, 'High': 33900, 'Close': 33700}","{'Low': 44000, 'High': 44950, 'Close': 44300}"
기아,2019,-10.085108655904586,-209.59435757549008,-113.73305961191592,P_Contd,P_Contd,P_Contd,21.54,7.1,8.63,4556.0,9.72,"{'Low': 44000, 'High': 44950, 'Close': 44300}","{'Low': 61900, 'High': 63000, 'Close': 62400}"
기아,2020,6.937796507031208,31.20968426588971,1.6759186572823677,P_Contd,P_Contd,P_Contd,25.28,6.8,8.52,3710.0,16.82,"{'Low': 61900, 'High': 63000, 'Close': 62400}","{'Low': 82100, 'High': 83900, 'Close': 82200}"
기아,2021,16.738122795295123,35.86450129562061,49.58173390461269,P_Contd,P_Contd,P_Contd,29.98,12.33,16.03,11874.0,6.92,"{'Low': 82100, 'High': 83900, 'Close': 82200}","{'Low': 59300, 'High': 60600, 'Close': 59300}"
기아,2022,5.721868135847916,-26.358648761979435,-21.84281242788304,P_Contd,P_Contd,P_Contd,24.19,9.77,12.14,13495.0,4.39,"{'Low': 59300, 'High': 60600, 'Close': 59300}",0
현대차,2017,0.0,0.0,0.0,P,P,P,30.79,14.53,19.0,14993.0,10.4,"{'Low': 152000, 'High': 156000, 'Close': 156000}","{'Low': 117500, 'High': 120000, 'Close': 118500}"
현대차,2018,4.969345036534697,20.23448761404348,12.233047277251128,P_Contd,L_Turned,P_Contd,26.61,14.98,18.97,5632.0,21.04,"{'Low': 117500, 'High': 120000, 'Close': 118500}","{'Low': 120000, 'High': 121500, 'Close': 120500}"
현대차,2019,-10.085108655904586,-209.59435757549008,-113.73305961191592,P_Contd,P_Turned,P_Contd,21.54,7.1,8.63,11310.0,10.65,"{'Low': 120000, 'High': 121500, 'Close': 120500}","{'Low': 189000, 'High': 193500, 'Close': 192000}"
현대차,2020,6.937796507031208,31.20968426588971,1.6759186572823677,P_Contd,P_Contd,P_Contd,25.28,6.8,8.52,5454.0,35.2,"{'Low': 189000, 'High': 193500, 'Close': 192000}","{'Low': 208500, 'High': 212000, 'Close': 209000}"
현대차,2021,16.738122795295123,35.86450129562061,49.58173390461269,P_Contd,P_Contd,P_Contd,29.98,12.33,16.03,18979.0,11.01,"{'Low': 208500, 'High': 212000, 'Close': 209000}","{'Low': 150500, 'High': 154000, 'Close': 151000}"
현대차,2022,5.721868135847916,-26.358648761979435,-21.84281242788304,P_Contd,P_Contd,P_Contd,24.19,9.77,12.14,28521.0,5.29,"{'Low': 150500, 'High': 154000, 'Close': 151000}",0
셀트리온,2017,0.0,0.0,0.0,P,P,P,30.79,14.53,19.0,2898.0,70.31,"{'Low': 200979, 'High': 207982, 'Close': 203744}","{'Low': 192875, 'High': 201741, 'Close': 197310}"
셀트리온,2018,4.969345036534697,20.23448761404348,12.233047277251128,P_Contd,P_Contd,P_Contd,26.61,14.98,18.97,1932.0,102.13,"{'Low': 192875, 'High': 201741, 'Close': 197310}","{'Low': 167580, 'High': 171757, 'Close': 168046}"
셀트리온,2019,-10.085108655904586,-209.59435757549008,-113.73305961191592,P_Contd,P_Contd,P_Contd,21.54,7.1,8.63,2369.0,70.94,"{'Low': 167580, 'High': 171757, 'Close': 168046}","{'Low': 331848, 'High': 345084, 'Close': 339413}"
셀트리온,2020,6.937796507031208,31.20968426588971,1.6759186572823677,P_Contd,P_Contd,P_Contd,25.28,6.8,8.52,3855.0,88.04,"{'Low': 331848, 'High': 345084, 'Close': 339413}","{'Low': 190728, 'High': 194581, 'Close': 190729}"
셀트리온,2021,16.738122795295123,35.86450129562061,49.58173390461269,P_Contd,P_Contd,P_Contd,29.98,12.33,16.03,4160.0,45.85,"{'Low': 190728, 'High': 194581, 'Close': 190729}","{'Low': 159500, 'High': 165000, 'Close': 160500}"
셀트리온,2022,5.721868135847916,-26.358648761979435,-21.84281242788304,P_Contd,P_Contd,P_Contd,24.19,9.77,12.14,3894.0,41.22,"{'Low': 159500, 'High': 165000, 'Close': 160500}",0
POSCO홀딩스,2017,0.0,0.0,0.0,P,P,P,30.79,14.53,19.0,34464.0,9.65,"{'Low': 329000, 'High': 335000, 'Close': 332500}","{'Low': 241000, 'High': 245000, 'Close': 243000}"
POSCO홀딩스,2018,4.969345036534697,20.23448761404348,12.233047277251128,P_Contd,P_Contd,P_Contd,26.61,14.98,18.97,20911.0,11.62,"{'Low': 241000, 'High': 245000, 'Close': 243000}","{'Low': 236500, 'High': 239000, 'Close': 236500}"
POSCO홀딩스,2019,-10.085108655904586,-209.59435757549008,-113.73305961191592,P_Contd,P_Contd,P_Contd,21.54,7.1,8.63,22823.0,10.36,"{'Low': 236500, 'High': 239000, 'Close': 236500}","{'Low': 266500, 'High': 274000, 'Close': 272000}"
POSCO홀딩스,2020,6.937796507031208,31.20968426588971,1.6759186572823677,L_Turned,P_Contd,P_Contd,25.28,6.8,8.52,20165.0,13.49,"{'Low': 266500, 'High': 274000, 'Close': 272000}","{'Low': 274500, 'High': 280000, 'Close': 274500}"
POSCO홀딩스,2021,16.738122795295123,35.86450129562061,49.58173390461269,L_Turned,P_Contd,P_Contd,29.98,12.33,16.03,87330.0,3.14,"{'Low': 274500, 'High': 280000, 'Close': 274500}","{'Low': 276000, 'High': 289000, 'Close': 276500}"
POSCO홀딩스,2022,5.721868135847916,-26.358648761979435,-21.84281242788304,L_Turned,P_Contd,L_Turned,24.19,9.77,12.14,41456.0,6.67,"{'Low': 276000, 'High': 289000, 'Close': 276500}",0
NAVER,2017,0.0,0.0,0.0,P,P,P,30.79,14.53,19.0,26650.0,6.54,"{'Low': 172244, 'High': 176450, 'Close': 174247}","{'Low': 120500, 'High': 123000, 'Close': 122000}"
NAVER,2018,4.969345036534697,20.23448761404348,12.233047277251128,P_Contd,P_Contd,P_Contd,26.61,14.98,18.97,4403.0,27.71,"{'Low': 120500, 'High': 123000, 'Close': 122000}","{'Low': 183500, 'High': 190000, 'Close': 186500}"
NAVER,2019,-10.085108655904586,-209.59435757549008,-113.73305961191592,P_Contd,P_Contd,P_Contd,21.54,7.1,8.63,4031.0,46.27,"{'Low': 183500, 'High': 190000, 'Close': 186500}","{'Low': 284000, 'High': 293000, 'Close': 292500}"
NAVER,2020,6.937796507031208,31.20968426588971,1.6759186572823677,P_Contd,P_Contd,P_Contd,25.28,6.8,8.52,7857.0,37.23,"{'Low': 284000, 'High': 293000, 'Close': 292500}","{'Low': 376000, 'High': 382000, 'Close': 378500}"
NAVER,2021,16.738122795295123,35.86450129562061,49.58173390461269,P_Contd,P_Contd,P_Contd,29.98,12.33,16.03,9977.0,37.94,"{'Low': 376000, 'High': 382000, 'Close': 378500}","{'Low': 177500, 'High': 185000, 'Close': 177500}"
NAVER,2022,5.721868135847916,-26.358648761979435,-21.84281242788304,P_Contd,P_Contd,P_Contd,24.19,9.77,12.14,5007.0,35.45,"{'Low': 177500, 'High': 185000, 'Close': 177500}",0
LG화학,2017,0.0,0.0,0.0,P,P,P,30.79,14.53,19.0,25367.0,15.97,"{'Low': 395000, 'High': 407000, 'Close': 405000}","{'Low': 345500, 'High': 352500, 'Close': 347000}"
LG화학,2018,4.969345036534697,20.23448761404348,12.233047277251128,P_Contd,P_Contd,P_Contd,26.61,14.98,18.97,19217.0,18.06,"{'Low': 345500, 'High': 352500, 'Close': 347000}","{'Low': 311000, 'High': 318000, 'Close': 317500}"
LG화학,2019,-10.085108655904586,-209.59435757549008,-113.73305961191592,P_Contd,P_Contd,P_Contd,21.54,7.1,8.63,4085.0,77.72,"{'Low': 311000, 'High': 318000, 'Close': 317500}","{'Low': 805000, 'High': 824000, 'Close': 824000}"
LG화학,2020,6.937796507031208,31.20968426588971,1.6759186572823677,P_Contd,P_Contd,L_Turned,25.28,6.8,8.52,6666.0,123.61,"{'Low': 805000, 'High': 824000, 'Close': 824000}","{'Low': 611000, 'High': 630000, 'Close': 615000}"
LG화학,2021,16.738122795295123,35.86450129562061,49.58173390461269,P_Contd,P_Contd,P_Turned,29.98,12.33,16.03,47108.0,13.06,"{'Low': 611000, 'High': 630000, 'Close': 615000}","{'Low': 593000, 'High': 607000, 'Close': 600000}"
LG화학,2022,5.721868135847916,-26.358648761979435,-21.84281242788304,P_Contd,P_Contd,P_Contd,24.19,9.77,12.14,23670.0,25.35,"{'Low': 593000, 'High': 607000, 'Close': 600000}",0
삼성SDI,2017,0.0,0.0,0.0,P,P,P,30.79,14.53,19.0,9824.0,20.82,"{'Low': 196500, 'High': 205500, 'Close': 204500}","{'Low': 216000, 'High': 223000, 'Close': 219000}"
삼성SDI,2018,4.969345036534697,20.23448761404348,12.233047277251128,P_Contd,P_Contd,P_Contd,26.61,14.98,18.97,10484.0,20.89,"{'Low': 216000, 'High': 223000, 'Close': 219000}","{'Low': 233000, 'High': 236000, 'Close': 236000}"
삼성SDI,2019,-10.085108655904586,-209.59435757549008,-113.73305961191592,P_Contd,P_Contd,P_Contd,21.54,7.1,8.63,5331.0,44.27,"{'Low': 233000, 'High': 236000, 'Close': 236000}","{'Low': 595000, 'High': 630000, 'Close': 628000}"
삼성SDI,2020,6.937796507031208,31.20968426588971,1.6759186572823677,P_Contd,P_Contd,P_Contd,25.28,6.8,8.52,8593.0,73.08,"{'Low': 595000, 'High': 630000, 'Close': 628000}","{'Low': 651000, 'High': 660000, 'Close': 655000}"
삼성SDI,2021,16.738122795295123,35.86450129562061,49.58173390461269,P_Contd,P_Contd,P_Contd,29.98,12.33,16.03,17492.0,37.45,"{'Low': 651000, 'High': 660000, 'Close': 655000}","{'Low': 591000, 'High': 606000, 'Close': 591000}"
삼성SDI,2022,5.721868135847916,-26.358648761979435,-21.84281242788304,P_Contd,P_Contd,P_Contd,24.19,9.77,12.14,29191.0,20.25,"{'Low': 591000, 'High': 606000, 'Close': 591000}",0
삼성물산,2017,0.0,0.0,0.0,P,P,P,30.79,14.53,19.0,3879.0,32.48,"{'Low': 124000, 'High': 126500, 'Close': 126000}","{'Low': 104500, 'High': 106500, 'Close': 105500}"
삼성물산,2018,4.969345036534697,20.23448761404348,12.233047277251128,P_Contd,P_Contd,P_Contd,26.61,14.98,18.97,10384.0,10.16,"{'Low': 104500, 'High': 106500, 'Close': 105500}","{'Low': 108500, 'High': 110500, 'Close': 108500}"
삼성물산,2019,-10.085108655904586,-209.59435757549008,-113.73305961191592,P_Contd,P_Contd,P_Contd,21.54,7.1,8.63,6366.0,17.04,"{'Low': 108500, 'High': 110500, 'Close': 108500}","{'Low': 135000, 'High': 139000, 'Close': 138000}"
삼성물산,2020,6.937796507031208,31.20968426588971,1.6759186572823677,P_Contd,P_Contd,P_Contd,25.28,6.8,8.52,6278.0,21.98,"{'Low': 135000, 'High': 139000, 'Close': 138000}","{'Low': 117000, 'High': 122000, 'Close': 119000}"
삼성물산,2021,16.738122795295123,35.86450129562061,49.58173390461269,P_Contd,P_Contd,P_Contd,29.98,12.33,16.03,9913.0,12.0,"{'Low': 117000, 'High': 122000, 'Close': 119000}","{'Low': 113000, 'High': 117500, 'Close': 113500}"
삼성물산,2022,5.721868135847916,-26.358648761979435,-21.84281242788304,P_Contd,P_Contd,P_Contd,24.19,9.77,12.14,12460.0,9.11,"{'Low': 113000, 'High': 117500, 'Close': 113500}",0
카카오,2017,0.0,0.0,0.0,L,P,P,30.79,14.53,19.0,1602.0,17.16,"{'Low': 26996, 'High': 28401, 'Close': 27498}","{'Low': 20271, 'High': 20972, 'Close': 20673}"
카카오,2018,4.969345036534697,20.23448761404348,12.233047277251128,L_Turned,P_Contd,P_Contd,26.61,14.98,18.97,623.0,33.18,"{'Low': 20271, 'High': 20972, 'Close': 20673}","{'Low': 30709, 'High': 31111, 'Close': 30810}"
카카오,2019,-10.085108655904586,-209.59435757549008,-113.73305961191592,L_Turned,P_Contd,L_Turned,21.54,7.1,8.63,-3776.0,-8.16,"{'Low': 30709, 'High': 31111, 'Close': 30810}","{'Low': 76974, 'High': 79082, 'Close': 78179}"
카카오,2020,6.937796507031208,31.20968426588971,1.6759186572823677,L_Turned,P_Contd,L_Contd,25.28,6.8,8.52,1838.0,42.53,"{'Low': 76974, 'High': 79082, 'Close': 78179}","{'Low': 112500, 'High': 114500, 'Close': 112500}"
카카오,2021,16.738122795295123,35.86450129562061,49.58173390461269,L_Turned,P_Contd,P_Turned,29.98,12.33,16.03,3221.0,34.93,"{'Low': 112500, 'High': 114500, 'Close': 112500}","{'Low': 52900, 'High': 55300, 'Close': 53100}"
카카오,2022,5.721868135847916,-26.358648761979435,-21.84281242788304,L_Turned,P_Contd,P_Contd,24.19,9.77,12.14,3106.0,17.1,"{'Low': 52900, 'High': 55300, 'Close': 53100}",0
KB금융,2017,,,,,,,,,,,,"{'Low': 62500, 'High': 63600, 'Close': 63400}","{'Low': 45700, 'High': 46500, 'Close': 46500}"
KB금융,2018,,,,,,,,,,,,"{'Low': 45700, 'High': 46500, 'Close': 46500}","{'Low': 47100, 'High': 48050, 'Close': 47650}"
KB금융,2019,,,,,,,,,,,,"{'Low': 47100, 'High': 48050, 'Close': 47650}","{'Low': 42750, 'High': 43600, 'Close': 43400}"
KB금융,2020,,,,,,,,,,,,"{'Low': 42750, 'High': 43600, 'Close': 43400}","{'Low': 54800, 'High': 55600, 'Close': 55000}"
KB금융,2021,,,,,,,,,,,,"{'Low': 54800, 'High': 55600, 'Close': 55000}","{'Low': 48500, 'High': 49400, 'Close': 48500}"
KB금융,2022,,,,,,,,,,,,"{'Low': 48500, 'High': 49400, 'Close': 48500}",0
신한지주,2017,,,,,,,,,,,,"{'Low': 48850, 'High': 49500, 'Close': 49400}","{'Low': 39100, 'High': 39700, 'Close': 39600}"
신한지주,2018,,,,,,,,,,,,"{'Low': 39100, 'High': 39700, 'Close': 39600}","{'Low': 43150, 'High': 43950, 'Close': 43350}"
신한지주,2019,,,,,,,,,,,,"{'Low': 43150, 'High': 43950, 'Close': 43350}","{'Low': 31500, 'High': 32200, 'Close': 32050}"
신한지주,2020,,,,,,,,,,,,"{'Low': 31500, 'High': 32200, 'Close': 32050}","{'Low': 36800, 'High': 37250, 'Close': 36800}"
신한지주,2021,,,,,,,,,,,,"{'Low': 36800, 'High': 37250, 'Close': 36800}","{'Low': 35200, 'High': 35900, 'Close': 35200}"
신한지주,2022,,,,,,,,,,,,"{'Low': 35200, 'High': 35900, 'Close': 35200}",0
현대모비스,2017,0.0,0.0,0.0,P,P,P,30.79,14.53,19.0,16558.0,15.88,"{'Low': 259000, 'High': 267500, 'Close': 263000}","{'Low': 188500, 'High': 192500, 'Close': 190000}"
현대모비스,2018,4.969345036534697,20.23448761404348,12.233047277251128,P_Contd,P_Contd,P_Contd,26.61,14.98,18.97,19944.0,9.53,"{'Low': 188500, 'High': 192500, 'Close': 190000}","{'Low': 256000, 'High': 260500, 'Close': 256000}"
현대모비스,2019,-10.085108655904586,-209.59435757549008,-113.73305961191592,P_Contd,P_Contd,P_Contd,21.54,7.1,8.63,24234.0,10.56,"{'Low': 256000, 'High': 260500, 'Close': 256000}","{'Low': 251000, 'High': 261000, 'Close': 255500}"
현대모비스,2020,6.937796507031208,31.20968426588971,1.6759186572823677,P_Contd,P_Contd,P_Contd,25.28,6.8,8.52,16389.0,15.59,"{'Low': 251000, 'High': 261000, 'Close': 255500}","{'Low': 254000, 'High': 260500, 'Close': 254500}"
현대모비스,2021,16.738122795295123,35.86450129562061,49.58173390461269,P_Contd,P_Contd,P_Contd,29.98,12.33,16.03,25645.0,9.92,"{'Low': 254000, 'High': 260500, 'Close': 254500}","{'Low': 200000, 'High': 205500, 'Close': 200500}"
현대모비스,2022,5.721868135847916,-26.358648761979435,-21.84281242788304,P_Contd,P_Contd,P_Contd,24.19,9.77,12.14,27163.0,7.38,"{'Low': 200000, 'High': 205500, 'Close': 200500}",0
포스코퓨처엠,2017,0.0,0.0,0.0,P,P,P,30.79,14.53,19.0,1753.0,21.31,"{'Low': 35713, 'High': 38106, 'Close': 37356}","{'Low': 58756, 'High': 62604, 'Close': 59789}"
포스코퓨처엠,2018,4.969345036534697,20.23448761404348,12.233047277251128,P_Contd,P_Contd,P_Contd,26.61,14.98,18.97,2237.0,26.73,"{'Low': 58756, 'High': 62604, 'Close': 59789}","{'Low': 44817, 'High': 46694, 'Close': 46226}"
포스코퓨처엠,2019,-10.085108655904586,-209.59435757549008,-113.73305961191592,P_Contd,P_Contd,P_Contd,21.54,7.1,8.63,1672.0,27.65,"{'Low': 44817, 'High': 46694, 'Close': 46226}","{'Low': 103500, 'High': 104999, 'Close': 104000}"
포스코퓨처엠,2020,6.937796507031208,31.20968426588971,1.6759186572823677,P_Contd,P_Contd,P_Contd,25.28,6.8,8.52,485.0,214.43,"{'Low': 103500, 'High': 104999, 'Close': 104000}","{'Low': 141000, 'High': 144500, 'Close': 144000}"
포스코퓨처엠,2021,16.738122795295123,35.86450129562061,49.58173390461269,P_Contd,P_Contd,P_Contd,29.98,12.33,16.03,1753.0,82.14,"{'Low': 141000, 'High': 144500, 'Close': 144000}","{'Low': 179500, 'High': 185000, 'Close': 180000}"
포스코퓨처엠,2022,5.721868135847916,-26.358648761979435,-21.84281242788304,P_Contd,P_Contd,P_Contd,24.19,9.77,12.14,1527.0,117.88,"{'Low': 179500, 'High': 185000, 'Close': 180000}",0
LG전자,2017,0.0,0.0,0.0,P,P,P,30.79,14.53,19.0,9579.0,11.07,"{'Low': 105000, 'High': 109500, 'Close': 106000}","{'Low': 62100, 'High': 63500, 'Close': 62300}"
LG전자,2018,4.969345036534697,20.23448761404348,12.233047277251128,P_Contd,P_Contd,L_Turned,26.61,14.98,18.97,6882.0,9.05,"{'Low': 62100, 'High': 63500, 'Close': 62300}","{'Low': 71600, 'High': 72200, 'Close': 72100}"
LG전자,2019,-10.085108655904586,-209.59435757549008,-113.73305961191592,P_Contd,P_Contd,L_Contd,21.54,7.1,8.63,169.0,426.63,"{'Low': 71600, 'High': 72200, 'Close': 72100}","{'Low': 128000, 'High': 136000, 'Close': 135000}"
LG전자,2020,6.937796507031208,31.20968426588971,1.6759186572823677,P_Contd,P_Contd,P_Turned,25.28,6.8,8.52,10926.0,12.36,"{'Low': 128000, 'High': 136000, 'Close': 135000}","{'Low': 138000, 'High': 140500, 'Close': 138000}"
LG전자,2021,16.738122795295123,35.86450129562061,49.58173390461269,P_Contd,P_Contd,L_Turned,29.98,12.33,16.03,5725.0,24.1,"{'Low': 138000, 'High': 140500, 'Close': 138000}","{'Low': 86500, 'High': 89400, 'Close': 86500}"
LG전자,2022,5.721868135847916,-26.358648761979435,-21.84281242788304,P_Contd,P_Contd,P_Turned,24.19,9.77,12.14,6640.0,13.03,"{'Low': 86500, 'High': 89400, 'Close': 86500}",0
하나금융지주,2017,,,,,,,,,,,,"{'Low': 49300, 'High': 50000, 'Close': 49800}","{'Low': 35700, 'High': 36300, 'Close': 36250}"
하나금융지주,2018,,,,,,,,,,,,"{'Low': 35700, 'High': 36300, 'Close': 36250}","{'Low': 36400, 'High': 37500, 'Close': 36900}"
하나금융지주,2019,,,,,,,,,,,,"{'Low': 36400, 'High': 37500, 'Close': 36900}","{'Low': 33200, 'High': 34550, 'Close': 34500}"
하나금융지주,2020,,,,,,,,,,,,"{'Low': 33200, 'High': 34550, 'Close': 34500}","{'Low': 42050, 'High': 42700, 'Close': 42050}"
하나금융지주,2021,,,,,,,,,,,,"{'Low': 42050, 'High': 42700, 'Close': 42050}","{'Low': 41750, 'High': 42550, 'Close': 42050}"
하나금융지주,2022,,,,,,,,,,,,"{'Low': 41750, 'High': 42550, 'Close': 42050}",0
메리츠금융지주,2017,,,,,,,,,,,,"{'Low': 14900, 'High': 15350, 'Close': 15050}","{'Low': 11400, 'High': 12050, 'Close': 11550}"
메리츠금융지주,2018,,,,,,,,,,,,"{'Low': 11400, 'High': 12050, 'Close': 11550}","{'Low': 11550, 'High': 11800, 'Close': 11800}"
메리츠금융지주,2019,,,,,,,,,,,,"{'Low': 11550, 'High': 11800, 'Close': 11800}","{'Low': 9680, 'High': 9980, 'Close': 9810}"
메리츠금융지주,2020,,,,,,,,,,,,"{'Low': 9680, 'High': 9980, 'Close': 9810}","{'Low': 42500, 'High': 44400, 'Close': 44000}"
메리츠금융지주,2021,,,,,,,,,,,,"{'Low': 42500, 'High': 44400, 'Close': 44000}","{'Low': 42000, 'High': 43850, 'Close': 42700}"
메리츠금융지주,2022,,,,,,,,,,,,"{'Low': 42000, 'High': 43850, 'Close': 42700}",0
삼성생명,2017,,,,,,,,,,,,"{'Low': 122500, 'High': 124500, 'Close': 124500}","{'Low': 81300, 'High': 82000, 'Close': 81600}"
삼성생명,2018,,,,,,,,,,,,"{'Low': 81300, 'High': 82000, 'Close': 81600}","{'Low': 74100, 'High': 75200, 'Close': 74500}"
삼성생명,2019,,,,,,,,,,,,"{'Low': 74100, 'High': 75200, 'Close': 74500}","{'Low': 76800, 'High': 79300, 'Close': 79100}"
삼성생명,2020,,,,,,,,,,,,"{'Low': 76800, 'High': 79300, 'Close': 79100}","{'Low': 64100, 'High': 65400, 'Close': 64100}"
삼성생명,2021,,,,,,,,,,,,"{'Low': 64100, 'High': 65400, 'Close': 64100}","{'Low': 70600, 'High': 71900, 'Close': 71000}"
삼성생명,2022,,,,,,,,,,,,"{'Low': 70600, 'High': 71900, 'Close': 71000}",0
SK,2017,0.0,0.0,0.0,P,P,P,30.79,14.53,19.0,30007.0,9.43,"{'Low': 276000, 'High': 284000, 'Close': 283000}","{'Low': 257500, 'High': 261000, 'Close': 260000}"
SK,2018,4.969345036534697,20.23448761404348,12.233047277251128,P_Contd,P_Contd,P_Contd,26.61,14.98,18.97,40310.0,6.45,"{'Low': 257500, 'High': 261000, 'Close': 260000}","{'Low': 260000, 'High': 263000, 'Close': 262000}"
SK,2019,-10.085108655904586,-209.59435757549008,-113.73305961191592,P_Contd,P_Contd,P_Contd,21.54,7.1,8.63,12917.0,20.28,"{'Low': 260000, 'High': 263000, 'Close': 262000}","{'Low': 233500, 'High': 241000, 'Close': 240500}"
SK,2020,6.937796507031208,31.20968426588971,1.6759186572823677,P_Contd,P_Contd,P_Contd,25.28,6.8,8.52,3544.0,67.86,"{'Low': 233500, 'High': 241000, 'Close': 240500}","{'Low': 248500, 'High': 254000, 'Close': 251000}"
SK,2021,16.738122795295123,35.86450129562061,49.58173390461269,P_Contd,P_Contd,P_Contd,29.98,12.33,16.03,37321.0,6.73,"{'Low': 248500, 'High': 254000, 'Close': 251000}","{'Low': 189000, 'High': 196000, 'Close': 189000}"
SK,2022,5.721868135847916,-26.358648761979435,-21.84281242788304,P_Contd,P_Contd,P_Contd,24.19,9.77,12.14,19547.0,9.67,"{'Low': 189000, 'High': 196000, 'Close': 189000}",0
HMM,2017,0.0,0.0,0.0,P,L,L,30.79,14.53,19.0,-6219.0,-0.81,"{'Low': 4955, 'High': 5040, 'Close': 5020}","{'Low': 3620, 'High': 3725, 'Close': 3695}"
HMM,2018,4.969345036534697,20.23448761404348,12.233047277251128,P_Contd,L_Contd,L_Contd,26.61,14.98,18.97,-4139.0,-0.89,"{'Low': 3620, 'High': 3725, 'Close': 3695}","{'Low': 3405, 'High': 3615, 'Close': 3550}"
HMM,2019,-10.085108655904586,-209.59435757549008,-113.73305961191592,P_Contd,L_Contd,L_Contd,21.54,7.1,8.63,-3353.0,-1.06,"{'Low': 3405, 'High': 3615, 'Close': 3550}","{'Low': 13500, 'High': 14100, 'Close': 13950}"
HMM,2020,6.937796507031208,31.20968426588971,1.6759186572823677,P_Contd,P_Turned,P_Turned,25.28,6.8,8.52,103.0,135.44,"{'Low': 13500, 'High': 14100, 'Close': 13950}","{'Low': 26700, 'High': 27600, 'Close': 26900}"
HMM,2021,16.738122795295123,35.86450129562061,49.58173390461269,P_Contd,P_Contd,P_Contd,29.98,12.33,16.03,13506.0,1.99,"{'Low': 26700, 'High': 27600, 'Close': 26900}","{'Low': 19500, 'High': 20000, 'Close': 19550}"
HMM,2022,5.721868135847916,-26.358648761979435,-21.84281242788304,P_Contd,P_Contd,P_Contd,24.19,9.77,12.14,20556.0,0.95,"{'Low': 19500, 'High': 20000, 'Close': 19550}",0
카카오뱅크,2017,,,,,,,,,,,,,
카카오뱅크,2018,,,,,,,,,,,,,
카카오뱅크,2019,,,,,,,,,,,,,
카카오뱅크,2020,,,,,,,,,,,,,
카카오뱅크,2021,,,,,,,,,,,,,
카카오뱅크,2022,,,,,,,,,,,,,
LG,2017,0.0,0.0,0.0,P,P,P,30.79,14.53,19.0,13630.0,6.31,"{'Low': 84547, 'High': 86247, 'Close': 85964}","{'Low': 64898, 'High': 66598, 'Close': 66032}"
LG,2018,4.969345036534697,20.23448761404348,12.233047277251128,P_Contd,P_Contd,P_Contd,26.61,14.98,18.97,10603.0,6.23,"{'Low': 64898, 'High': 66598, 'Close': 66032}","{'Low': 69527, 'High': 70377, 'Close': 69716}"
LG,2019,-10.085108655904586,-209.59435757549008,-113.73305961191592,P_Contd,P_Contd,P_Contd,21.54,7.1,8.63,6143.0,11.35,"{'Low': 69527, 'High': 70377, 'Close': 69716}","{'Low': 79918, 'High': 83413, 'Close': 82658}"
LG,2020,6.937796507031208,31.20968426588971,1.6759186572823677,P_Contd,P_Contd,P_Contd,25.28,6.8,8.52,8338.0,9.91,"{'Low': 79918, 'High': 83413, 'Close': 82658}","{'Low': 80700, 'High': 81800, 'Close': 80900}"
LG,2021,16.738122795295123,35.86450129562061,49.58173390461269,P_Contd,P_Contd,P_Contd,29.98,12.33,16.03,15504.0,5.22,"{'Low': 80700, 'High': 81800, 'Close': 80900}","{'Low': 78000, 'High': 79400, 'Close': 78100}"
LG,2022,5.721868135847916,-26.358648761979435,-21.84281242788304,P_Contd,P_Contd,P_Contd,24.19,9.77,12.14,12422.0,6.29,"{'Low': 78000, 'High': 79400, 'Close': 78100}",0
한국전력,2017,0.0,0.0,0.0,P,P,P,30.79,14.53,19.0,2023.0,18.86,"{'Low': 38000, 'High': 38350, 'Close': 38150}","{'Low': 32350, 'High': 33800, 'Close': 33100}"
한국전력,2018,4.969345036534697,20.23448761404348,12.233047277251128,P_Contd,L_Turned,L_Turned,26.61,14.98,18.97,-2048.0,-16.16,"{'Low': 32350, 'High': 33800, 'Close': 33100}","{'Low': 27600, 'High': 28000, 'Close': 27800}"
한국전력,2019,-10.085108655904586,-209.59435757549008,-113.73305961191592,P_Contd,L_Contd,L_Contd,21.54,7.1,8.63,-3654.0,-7.61,"{'Low': 27600, 'High': 28000, 'Close': 27800}","{'Low': 26400, 'High': 28000, 'Close': 27400}"
한국전력,2020,6.937796507031208,31.20968426588971,1.6759186572823677,P_Contd,P_Turned,P_Turned,25.28,6.8,8.52,3102.0,8.83,"{'Low': 26400, 'High': 28000, 'Close': 27400}","{'Low': 22050, 'High': 22300, 'Close': 22100}"
한국전력,2021,16.738122795295123,35.86450129562061,49.58173390461269,P_Contd,L_Turned,L_Turned,29.98,12.33,16.03,-8263.0,-2.67,"{'Low': 22050, 'High': 22300, 'Close': 22100}","{'Low': 21650, 'High': 22750, 'Close': 21800}"
한국전력,2022,5.721868135847916,-26.358648761979435,-21.84281242788304,P_Contd,L_Contd,L_Contd,24.19,9.77,12.14,-38112.0,-0.57,"{'Low': 21650, 'High': 22750, 'Close': 21800}",0
삼성화재,2017,,,,,,,,,,,,"{'Low': 264000, 'High': 267000, 'Close': 267000}","{'Low': 266000, 'High': 270000, 'Close': 269000}"
삼성화재,2018,,,,,,,,,,,,"{'Low': 266000, 'High': 270000, 'Close': 269000}","{'Low': 241500, 'High': 244500, 'Close': 243500}"
삼성화재,2019,,,,,,,,,,,,"{'Low': 241500, 'High': 244500, 'Close': 243500}","{'Low': 186500, 'High': 188500, 'Close': 187500}"
삼성화재,2020,,,,,,,,,,,,"{'Low': 186500, 'High': 188500, 'Close': 187500}","{'Low': 201500, 'High': 205500, 'Close': 202000}"
삼성화재,2021,,,,,,,,,,,,"{'Low': 201500, 'High': 205500, 'Close': 202000}","{'Low': 198500, 'High': 204500, 'Close': 200000}"
삼성화재,2022,,,,,,,,,,,,"{'Low': 198500, 'High': 204500, 'Close': 200000}",0
KT&G,2017,0.0,0.0,0.0,P,P,P,30.79,14.53,19.0,9591.0,12.04,"{'Low': 113000, 'High': 115500, 'Close': 115500}","{'Low': 100500, 'High': 102500, 'Close': 101500}"
KT&G,2018,4.969345036534697,20.23448761404348,12.233047277251128,P_Contd,P_Contd,P_Contd,26.61,14.98,18.97,7178.0,14.14,"{'Low': 100500, 'High': 102500, 'Close': 101500}","{'Low': 93700, 'High': 94600, 'Close': 93800}"
KT&G,2019,-10.085108655904586,-209.59435757549008,-113.73305961191592,P_Contd,P_Contd,P_Contd,21.54,7.1,8.63,8196.0,11.44,"{'Low': 93700, 'High': 94600, 'Close': 93800}","{'Low': 82200, 'High': 83500, 'Close': 83100}"
KT&G,2020,6.937796507031208,31.20968426588971,1.6759186572823677,P_Contd,P_Contd,P_Contd,25.28,6.8,8.52,9320.0,8.92,"{'Low': 82200, 'High': 83500, 'Close': 83100}","{'Low': 78800, 'High': 79700, 'Close': 79000}"
KT&G,2021,16.738122795295123,35.86450129562061,49.58173390461269,P_Contd,P_Contd,P_Contd,29.98,12.33,16.03,7898.0,10.0,"{'Low': 78800, 'High': 79700, 'Close': 79000}","{'Low': 90500, 'High': 92000, 'Close': 91500}"
KT&G,2022,5.721868135847916,-26.358648761979435,-21.84281242788304,P_Contd,P_Contd,P_Contd,24.19,9.77,12.14,8489.0,10.78,"{'Low': 90500, 'High': 92000, 'Close': 91500}",0
SK이노베이션,2017,0.0,0.0,0.0,P,P,P,30.79,14.53,19.0,22563.0,8.92,"{'Low': 197282, 'High': 201218, 'Close': 201218}","{'Low': 173667, 'High': 177602, 'Close': 176619}"
SK이노베이션,2018,4.969345036534697,20.23448761404348,12.233047277251128,P_Contd,P_Contd,P_Contd,26.61,14.98,18.97,18264.0,9.67,"{'Low': 173667, 'High': 177602, 'Close': 176619}","{'Low': 147100, 'High': 149067, 'Close': 147592}"
SK이노베이션,2019,-10.085108655904586,-209.59435757549008,-113.73305961191592,P_Contd,P_Contd,P_Contd,21.54,7.1,8.63,-434.0,-340.07,"{'Low': 147100, 'High': 149067, 'Close': 147592}","{'Low': 176618, 'High': 187441, 'Close': 186950}"
SK이노베이션,2020,6.937796507031208,31.20968426588971,1.6759186572823677,P_Contd,P_Contd,P_Contd,25.28,6.8,8.52,-25729.0,-7.27,"{'Low': 176618, 'High': 187441, 'Close': 186950}","{'Low': 229752, 'High': 242051, 'Close': 234672}"
SK이노베이션,2021,16.738122795295123,35.86450129562061,49.58173390461269,P_Contd,P_Contd,P_Contd,29.98,12.33,16.03,3491.0,67.22,"{'Low': 229752, 'High': 242051, 'Close': 234672}","{'Low': 150544, 'High': 153987, 'Close': 151528}"
SK이노베이션,2022,5.721868135847916,-26.358648761979435,-21.84281242788304,P_Contd,P_Contd,P_Contd,24.19,9.77,12.14,18511.0,8.19,"{'Low': 150544, 'High': 153987, 'Close': 151528}",0
삼성에스디에스,2017,0.0,0.0,0.0,P,P,P,30.79,14.53,19.0,6856.0,29.17,"{'Low': 194500, 'High': 200000, 'Close': 200000}","{'Low': 201000, 'High': 207500, 'Close': 204000}"
삼성에스디에스,2018,4.969345036534697,20.23448761404348,12.233047277251128,P_Contd,P_Contd,P_Contd,26.61,14.98,18.97,8137.0,25.07,"{'Low': 201000, 'High': 207500, 'Close': 204000}","{'Low': 194000, 'High': 196500, 'Close': 194500}"
삼성에스디에스,2019,-10.085108655904586,-209.59435757549008,-113.73305961191592,P_Contd,P_Contd,P_Contd,21.54,7.1,8.63,9521.0,20.43,"{'Low': 194000, 'High': 196500, 'Close': 194500}","{'Low': 176000, 'High': 179000, 'Close': 178500}"
삼성에스디에스,2020,6.937796507031208,31.20968426588971,1.6759186572823677,P_Contd,P_Contd,P_Contd,25.28,6.8,8.52,5733.0,31.14,"{'Low': 176000, 'High': 179000, 'Close': 178500}","{'Low': 156000, 'High': 160000, 'Close': 156500}"
삼성에스디에스,2021,16.738122795295123,35.86450129562061,49.58173390461269,P_Contd,P_Contd,P_Contd,29.98,12.33,16.03,7901.0,19.81,"{'Low': 156000, 'High': 160000, 'Close': 156500}","{'Low': 123000, 'High': 125500, 'Close': 123000}"
삼성에스디에스,2022,5.721868135847916,-26.358648761979435,-21.84281242788304,P_Contd,P_Contd,P_Contd,24.19,9.77,12.14,14218.0,8.65,"{'Low': 123000, 'High': 125500, 'Close': 123000}",0
SK텔레콤,2017,0.0,0.0,0.0,P,P,P,30.79,14.53,19.0,36582.0,1.26,"{'Low': 45808, 'High': 46412, 'Close': 46067}","{'Low': 45290, 'High': 47102, 'Close': 46499}"
SK텔레콤,2018,4.969345036534697,20.23448761404348,12.233047277251128,P_Contd,P_Contd,P_Contd,26.61,14.98,18.97,44066.0,1.06,"{'Low': 45290, 'High': 47102, 'Close': 46499}","{'Low': 40891, 'High': 41236, 'Close': 41064}"
SK텔레콤,2019,-10.085108655904586,-209.59435757549008,-113.73305961191592,P_Contd,P_Contd,P_Contd,21.54,7.1,8.63,12144.0,3.38,"{'Low': 40891, 'High': 41236, 'Close': 41064}","{'Low': 40718, 'High': 41236, 'Close': 41064}"
SK텔레콤,2020,6.937796507031208,31.20968426588971,1.6759186572823677,P_Contd,P_Contd,P_Contd,25.28,6.8,8.52,20463.0,2.01,"{'Low': 40718, 'High': 41236, 'Close': 41064}","{'Low': 57200, 'High': 58300, 'Close': 57900}"
SK텔레콤,2021,16.738122795295123,35.86450129562061,49.58173390461269,P_Contd,P_Contd,P_Contd,29.98,12.33,16.03,7191.0,8.05,"{'Low': 57200, 'High': 58300, 'Close': 57900}","{'Low': 47400, 'High': 48200, 'Close': 47400}"
SK텔레콤,2022,5.721868135847916,-26.358648761979435,-21.84281242788304,P_Contd,P_Contd,P_Contd,24.19,9.77,12.14,4118.0,11.51,"{'Low': 47400, 'High': 48200, 'Close': 47400}",0
우리금융지주,2017,,,,,,,,,,,,,
우리금융지주,2018,,,,,,,,,,,,,
우리금융지주,2019,,,,,,,,,,,,,
우리금융지주,2020,,,,,,,,,,,,,
우리금융지주,2021,,,,,,,,,,,,,
우리금융지주,2022,,,,,,,,,,,,,
삼성전기,2017,0.0,0.0,0.0,P,L,L,30.79,14.53,19.0,2139.0,46.75,"{'Low': 96900, 'High': 100000, 'Close': 100000}","{'Low': 102000, 'High': 105500, 'Close': 103500}"
삼성전기,2018,4.969345036534697,20.23448761404348,12.233047277251128,P_Contd,P_Turned,P_Turned,26.61,14.98,18.97,8685.0,11.92,"{'Low': 102000, 'High': 105500, 'Close': 103500}","{'Low': 124500, 'High': 126000, 'Close': 125000}"
삼성전기,2019,-10.085108655904586,-209.59435757549008,-113.73305961191592,P_Contd,P_Contd,P_Contd,21.54,7.1,8.63,6806.0,18.37,"{'Low': 124500, 'High': 126000, 'Close': 125000}","{'Low': 175500, 'High': 179000, 'Close': 178000}"
삼성전기,2020,6.937796507031208,31.20968426588971,1.6759186572823677,P_Contd,P_Contd,P_Contd,25.28,6.8,8.52,7993.0,22.27,"{'Low': 175500, 'High': 179000, 'Close': 178000}","{'Low': 194000, 'High': 198000, 'Close': 197500}"
삼성전기,2021,16.738122795295123,35.86450129562061,49.58173390461269,P_Contd,P_Contd,P_Contd,29.98,12.33,16.03,11811.0,16.72,"{'Low': 194000, 'High': 198000, 'Close': 197500}","{'Low': 130000, 'High': 133500, 'Close': 130500}"
삼성전기,2022,5.721868135847916,-26.358648761979435,-21.84281242788304,P_Contd,P_Contd,P_Contd,24.19,9.77,12.14,12977.0,10.06,"{'Low': 130000, 'High': 133500, 'Close': 130500}",0
크래프톤,2017,,,,,,,,,,,,,
크래프톤,2018,,,,,,,,,,,,,
크래프톤,2019,,,,,,,,,,,,,
크래프톤,2020,,,,,,,,,,,,,
크래프톤,2021,,,,,,,,,,,,,
크래프톤,2022,,,,,,,,,,,,,
에코프로머티,2017,,,,,,,,,,,,,
에코프로머티,2018,,,,,,,,,,,,,
에코프로머티,2019,,,,,,,,,,,,,
에코프로머티,2020,,,,,,,,,,,,,
에코프로머티,2021,,,,,,,,,,,,,
에코프로머티,2022,,,,,,,,,,,,,
HD현대중공업,2017,,,,,,,,,,,,,
HD현대중공업,2018,,,,,,,,,,,,,
HD현대중공업,2019,,,,,,,,,,,,,
HD현대중공업,2020,,,,,,,,,,,,,
HD현대중공업,2021,,,,,,,,,,,,,
HD현대중공업,2022,,,,,,,,,,,,,
기업은행,2017,,,,,,,,,,,,"{'Low': 16200, 'High': 16550, 'Close': 16450}","{'Low': 13900, 'High': 14200, 'Close': 14050}"
기업은행,2018,,,,,,,,,,,,"{'Low': 13900, 'High': 14200, 'Close': 14050}","{'Low': 11750, 'High': 11900, 'Close': 11800}"
기업은행,2019,,,,,,,,,,,,"{'Low': 11750, 'High': 11900, 'Close': 11800}","{'Low': 8650, 'High': 8860, 'Close': 8840}"
기업은행,2020,,,,,,,,,,,,"{'Low': 8650, 'High': 8860, 'Close': 8840}","{'Low': 10250, 'High': 10450, 'Close': 10300}"
기업은행,2021,,,,,,,,,,,,"{'Low': 10250, 'High': 10450, 'Close': 10300}","{'Low': 9790, 'High': 9970, 'Close': 9820}"
기업은행,2022,,,,,,,,,,,,"{'Low': 9790, 'High': 9970, 'Close': 9820}",0
고려아연,2017,0.0,0.0,0.0,P,P,P,30.79,14.53,19.0,35591.0,13.85,"{'Low': 487500, 'High': 493000, 'Close': 493000}","{'Low': 431500, 'High': 442000, 'Close': 432500}"
고려아연,2018,4.969345036534697,20.23448761404348,12.233047277251128,P_Contd,P_Contd,P_Contd,26.61,14.98,18.97,29841.0,14.49,"{'Low': 431500, 'High': 442000, 'Close': 432500}","{'Low': 425000, 'High': 430500, 'Close': 425000}"
고려아연,2019,-10.085108655904586,-209.59435757549008,-113.73305961191592,P_Contd,P_Contd,P_Contd,21.54,7.1,8.63,35811.0,11.87,"{'Low': 425000, 'High': 430500, 'Close': 425000}","{'Low': 397000, 'High': 403000, 'Close': 401500}"
고려아연,2020,6.937796507031208,31.20968426588971,1.6759186572823677,P_Contd,P_Contd,P_Contd,25.28,6.8,8.52,32418.0,12.39,"{'Low': 397000, 'High': 403000, 'Close': 401500}","{'Low': 509000, 'High': 525000, 'Close': 511000}"
고려아연,2021,16.738122795295123,35.86450129562061,49.58173390461269,P_Contd,P_Contd,P_Contd,29.98,12.33,16.03,45648.0,11.19,"{'Low': 509000, 'High': 525000, 'Close': 511000}","{'Low': 560000, 'High': 575000, 'Close': 564000}"
고려아연,2022,5.721868135847916,-26.358648761979435,-21.84281242788304,P_Contd,P_Contd,P_Contd,24.19,9.77,12.14,42967.0,13.13,"{'Low': 560000, 'High': 575000, 'Close': 564000}",0
두산에너빌리티,2017,0.0,0.0,0.0,P,P,P,30.79,14.53,19.0,-2908.0,-4.04,"{'Low': 11666, 'High': 11895, 'Close': 11744}","{'Low': 7412, 'High': 7565, 'Close': 7445}"
두산에너빌리티,2018,4.969345036534697,20.23448761404348,12.233047277251128,P_Contd,P_Contd,L_Turned,26.61,14.98,18.97,-4807.0,-1.55,"{'Low': 7412, 'High': 7565, 'Close': 7445}","{'Low': 5044, 'High': 5115, 'Close': 5071}"
두산에너빌리티,2019,-10.085108655904586,-209.59435757549008,-113.73305961191592,P_Contd,P_Contd,L_Contd,21.54,7.1,8.63,-2620.0,-1.94,"{'Low': 5044, 'High': 5115, 'Close': 5071}","{'Low': 12451, 'High': 13078, 'Close': 13030}"
두산에너빌리티,2020,6.937796507031208,31.20968426588971,1.6759186572823677,P_Contd,L_Turned,L_Contd,25.28,6.8,8.52,-4279.0,-3.05,"{'Low': 12451, 'High': 13078, 'Close': 13030}","{'Low': 20300, 'High': 21050, 'Close': 20400}"
두산에너빌리티,2021,16.738122795295123,35.86450129562061,49.58173390461269,P_Contd,P_Turned,P_Turned,29.98,12.33,16.03,1090.0,18.72,"{'Low': 20300, 'High': 21050, 'Close': 20400}","{'Low': 15350, 'High': 16200, 'Close': 15400}"
두산에너빌리티,2022,5.721868135847916,-26.358648761979435,-21.84281242788304,P_Contd,P_Contd,L_Turned,24.19,9.77,12.14,-1249.0,-12.33,"{'Low': 15350, 'High': 16200, 'Close': 15400}",0
포스코인터내셔널,2017,0.0,0.0,0.0,P,P,P,30.79,14.53,19.0,1444.0,12.57,"{'Low': 17800, 'High': 18300, 'Close': 18150}","{'Low': 17900, 'High': 18300, 'Close': 18200}"
포스코인터내셔널,2018,4.969345036534697,20.23448761404348,12.233047277251128,P_Contd,P_Contd,P_Contd,26.61,14.98,18.97,1258.0,14.47,"{'Low': 17900, 'High': 18300, 'Close': 18200}","{'Low': 18650, 'High': 18900, 'Close': 18650}"
포스코인터내셔널,2019,-10.085108655904586,-209.59435757549008,-113.73305961191592,P_Contd,P_Contd,P_Contd,21.54,7.1,8.63,1697.0,10.99,"{'Low': 18650, 'High': 18900, 'Close': 18650}","{'Low': 14400, 'High': 14650, 'Close': 14550}"
포스코인터내셔널,2020,6.937796507031208,31.20968426588971,1.6759186572823677,P_Contd,P_Contd,P_Contd,25.28,6.8,8.52,1934.0,7.52,"{'Low': 14400, 'High': 14650, 'Close': 14550}","{'Low': 22350, 'High': 22750, 'Close': 22450}"
포스코인터내셔널,2021,16.738122795295123,35.86450129562061,49.58173390461269,P_Contd,P_Contd,P_Contd,29.98,12.33,16.03,2924.0,7.68,"{'Low': 22350, 'High': 22750, 'Close': 22450}","{'Low': 22500, 'High': 23500, 'Close': 22600}"
포스코인터내셔널,2022,5.721868135847916,-26.358648761979435,-21.84281242788304,P_Contd,P_Contd,P_Contd,24.19,9.77,12.14,4780.0,4.73,"{'Low': 22500, 'High': 23500, 'Close': 22600}",0
KT,2017,0.0,0.0,0.0,P,P,P,30.79,14.53,19.0,1946.0,15.54,"{'Low': 30150, 'High': 30450, 'Close': 30250}","{'Low': 29350, 'High': 30050, 'Close': 29800}"
KT,2018,4.969345036534697,20.23448761404348,12.233047277251128,P_Contd,P_Contd,P_Contd,26.61,14.98,18.97,2809.0,10.61,"{'Low': 29350, 'High': 30050, 'Close': 29800}","{'Low': 26750, 'High': 27000, 'Close': 27000}"
KT,2019,-10.085108655904586,-209.59435757549008,-113.73305961191592,P_Contd,P_Contd,P_Contd,21.54,7.1,8.63,2526.0,10.69,"{'Low': 26750, 'High': 27000, 'Close': 27000}","{'Low': 23800, 'High': 24200, 'Close': 24000}"
KT,2020,6.937796507031208,31.20968426588971,1.6759186572823677,P_Contd,P_Contd,P_Contd,25.28,6.8,8.52,2684.0,8.94,"{'Low': 23800, 'High': 24200, 'Close': 24000}","{'Low': 30550, 'High': 31150, 'Close': 30600}"
KT,2021,16.738122795295123,35.86450129562061,49.58173390461269,P_Contd,P_Contd,P_Contd,29.98,12.33,16.03,5759.0,5.31,"{'Low': 30550, 'High': 31150, 'Close': 30600}","{'Low': 33300, 'High': 34100, 'Close': 33800}"
KT,2022,5.721868135847916,-26.358648761979435,-21.84281242788304,P_Contd,P_Contd,P_Contd,24.19,9.77,12.14,5209.0,6.49,"{'Low': 33300, 'High': 34100, 'Close': 33800}",0
포스코DX,2017,0.0,0.0,0.0,P,P,P,30.79,14.53,19.0,276.0,30.25,"{'Low': 8250, 'High': 8530, 'Close': 8350}","{'Low': 5110, 'High': 5420, 'Close': 5210}"
포스코DX,2018,4.969345036534697,20.23448761404348,12.233047277251128,P_Contd,P_Contd,L_Turned,26.61,14.98,18.97,-225.0,-23.16,"{'Low': 5110, 'High': 5420, 'Close': 5210}","{'Low': 5200, 'High': 5290, 'Close': 5290}"
포스코DX,2019,-10.085108655904586,-209.59435757549008,-113.73305961191592,P_Contd,P_Contd,P_Turned,21.54,7.1,8.63,258.0,20.5,"{'Low': 5200, 'High': 5290, 'Close': 5290}","{'Low': 7650, 'High': 7990, 'Close': 7750}"
포스코DX,2020,6.937796507031208,31.20968426588971,1.6759186572823677,P_Contd,P_Contd,P_Contd,25.28,6.8,8.52,57.0,135.96,"{'Low': 7650, 'High': 7990, 'Close': 7750}","{'Low': 6450, 'High': 6680, 'Close': 6560}"
포스코DX,2021,16.738122795295123,35.86450129562061,49.58173390461269,P_Contd,L_Turned,L_Turned,29.98,12.33,16.03,-94.0,-69.79,"{'Low': 6450, 'High': 6680, 'Close': 6560}","{'Low': 6200, 'High': 6500, 'Close': 6250}"
포스코DX,2022,5.721868135847916,-26.358648761979435,-21.84281242788304,P_Contd,P_Turned,P_Turned,24.19,9.77,12.14,300.0,20.83,"{'Low': 6200, 'High': 6500, 'Close': 6250}",0
하이브,2017,,,,,,,,,,,,,
하이브,2018,,,,,,,,,,,,,
하이브,2019,,,,,,,,,,,,,
하이브,2020,,,,,,,,,,,,,
하이브,2021,,,,,,,,,,,,,
하이브,2022,,,,,,,,,,,,,
대한항공,2017,0.0,0.0,0.0,P,P,P,30.79,14.53,19.0,8946.0,2.45,"{'Low': 21559, 'High': 22078, 'Close': 21949}","{'Low': 21105, 'High': 21656, 'Close': 21430}"
대한항공,2018,4.969345036534697,20.23448761404348,12.233047277251128,P_Contd,P_Contd,L_Turned,26.61,14.98,18.97,-1756.0,-12.2,"{'Low': 21105, 'High': 21656, 'Close': 21430}","{'Low': 18349, 'High': 18706, 'Close': 18480}"
대한항공,2019,-10.085108655904586,-209.59435757549008,-113.73305961191592,P_Contd,P_Contd,L_Contd,21.54,7.1,8.63,-6557.0,-2.82,"{'Low': 18349, 'High': 18706, 'Close': 18480}","{'Low': 20664, 'High': 21090, 'Close': 21091}"
대한항공,2020,6.937796507031208,31.20968426588971,1.6759186572823677,P_Contd,P_Contd,L_Contd,25.28,6.8,8.52,-1675.0,-12.59,"{'Low': 20664, 'High': 21090, 'Close': 21091}","{'Low': 29300, 'High': 30000, 'Close': 29350}"
대한항공,2021,16.738122795295123,35.86450129562061,49.58173390461269,P_Contd,P_Contd,P_Turned,29.98,12.33,16.03,1743.0,16.84,"{'Low': 29300, 'High': 30000, 'Close': 29350}","{'Low': 22850, 'High': 24150, 'Close': 22950}"
대한항공,2022,5.721868135847916,-26.358648761979435,-21.84281242788304,P_Contd,P_Contd,P_Contd,24.19,9.77,12.14,4787.0,4.79,"{'Low': 22850, 'High': 24150, 'Close': 22950}",0
HD한국조선해양,2017,0.0,0.0,0.0,P,P,P,30.79,14.53,19.0,44798.0,2.14,"{'Low': 92128, 'High': 97379, 'Close': 95948}","{'Low': 128000, 'High': 132000, 'Close': 128500}"
HD한국조선해양,2018,4.969345036534697,20.23448761404348,12.233047277251128,P_Contd,L_Turned,L_Turned,26.61,14.98,18.97,-7855.0,-16.36,"{'Low': 128000, 'High': 132000, 'Close': 128500}","{'Low': 125000, 'High': 127000, 'Close': 126500}"
HD한국조선해양,2019,-10.085108655904586,-209.59435757549008,-113.73305961191592,P_Contd,P_Turned,L_Contd,21.54,7.1,8.63,2183.0,57.95,"{'Low': 125000, 'High': 127000, 'Close': 126500}","{'Low': 106000, 'High': 108500, 'Close': 108500}"
HD한국조선해양,2020,6.937796507031208,31.20968426588971,1.6759186572823677,P_Contd,L_Turned,L_Contd,25.28,6.8,8.52,-11791.0,-9.2,"{'Low': 106000, 'High': 108500, 'Close': 108500}","{'Low': 94200, 'High': 96400, 'Close': 94600}"
HD한국조선해양,2021,16.738122795295123,35.86450129562061,49.58173390461269,P_Contd,P_Turned,P_Turned,29.98,12.33,16.03,-13142.0,-7.2,"{'Low': 94200, 'High': 96400, 'Close': 94600}","{'Low': 70700, 'High': 73400, 'Close': 70700}"
HD한국조선해양,2022,5.721868135847916,-26.358648761979435,-21.84281242788304,P_Contd,L_Turned,P_Contd,24.19,9.77,12.14,-3068.0,-23.04,"{'Low': 70700, 'High': 73400, 'Close': 70700}",0
S-Oil,2017,0.0,0.0,0.0,P,P,P,30.79,14.53,19.0,10706.0,10.93,"{'Low': 116000, 'High': 118000, 'Close': 117000}","{'Low': 97200, 'High': 100500, 'Close': 97700}"
S-Oil,2018,4.969345036534697,20.23448761404348,12.233047277251128,P_Contd,P_Contd,P_Contd,26.61,14.98,18.97,2216.0,44.09,"{'Low': 97200, 'High': 100500, 'Close': 97700}","{'Low': 94400, 'High': 96800, 'Close': 95300}"
S-Oil,2019,-10.085108655904586,-209.59435757549008,-113.73305961191592,P_Contd,P_Contd,P_Contd,21.54,7.1,8.63,561.0,169.88,"{'Low': 94400, 'High': 96800, 'Close': 95300}","{'Low': 67700, 'High': 69300, 'Close': 69200}"
S-Oil,2020,6.937796507031208,31.20968426588971,1.6759186572823677,P_Contd,L_Turned,L_Turned,25.28,6.8,8.52,-6839.0,-10.12,"{'Low': 67700, 'High': 69300, 'Close': 69200}","{'Low': 85500, 'High': 87800, 'Close': 85700}"
S-Oil,2021,16.738122795295123,35.86450129562061,49.58173390461269,P_Contd,P_Turned,P_Turned,29.98,12.33,16.03,11840.0,7.24,"{'Low': 85500, 'High': 87800, 'Close': 85700}","{'Low': 82600, 'High': 85200, 'Close': 83400}"
S-Oil,2022,5.721868135847916,-26.358648761979435,-21.84281242788304,P_Contd,P_Contd,P_Contd,24.19,9.77,12.14,18075.0,4.61,"{'Low': 82600, 'High': 85200, 'Close': 83400}",0
SK바이오팜,2017,,,,,,,,,,,,,
SK바이오팜,2018,,,,,,,,,,,,,
SK바이오팜,2019,,,,,,,,,,,,,
SK바이오팜,2020,,,,,,,,,,,,,
SK바이오팜,2021,,,,,,,,,,,,,
SK바이오팜,2022,,,,,,,,,,,,,
SK스퀘어,2017,,,,,,,,,,,,,
SK스퀘어,2018,,,,,,,,,,,,,
SK스퀘어,2019,,,,,,,,,,,,,
SK스퀘어,2020,,,,,,,,,,,,,
SK스퀘어,2021,,,,,,,,,,,,,
SK스퀘어,2022,,,,,,,,,,,,,
한화에어로스페이스,2017,0.0,0.0,0.0,P,L,L,30.79,14.53,19.0,-915.0,-38.85,"{'Low': 34250, 'High': 35750, 'Close': 35550}","{'Low': 32300, 'High': 33100, 'Close': 32500}"
한화에어로스페이스,2018,4.969345036534697,20.23448761404348,12.233047277251128,P_Contd,L_Contd,L_Contd,26.61,14.98,18.97,619.0,52.5,"{'Low': 32300, 'High': 33100, 'Close': 32500}","{'Low': 34400, 'High': 35450, 'Close': 35050}"
한화에어로스페이스,2019,-10.085108655904586,-209.59435757549008,-113.73305961191592,P_Contd,L_Contd,P_Turned,21.54,7.1,8.63,2558.0,13.7,"{'Low': 34400, 'High': 35450, 'Close': 35050}","{'Low': 27950, 'High': 28700, 'Close': 28500}"
한화에어로스페이스,2020,6.937796507031208,31.20968426588971,1.6759186572823677,P_Contd,L_Contd,P_Contd,25.28,6.8,8.52,2390.0,11.92,"{'Low': 27950, 'High': 28700, 'Close': 28500}","{'Low': 47350, 'High': 48550, 'Close': 48000}"
한화에어로스페이스,2021,16.738122795295123,35.86450129562061,49.58173390461269,P_Contd,L_Contd,P_Contd,29.98,12.33,16.03,4989.0,9.62,"{'Low': 47350, 'High': 48550, 'Close': 48000}","{'Low': 72200, 'High': 74500, 'Close': 73600}"
한화에어로스페이스,2022,5.721868135847916,-26.358648761979435,-21.84281242788304,P_Contd,P_Turned,P_Contd,24.19,9.77,12.14,3964.0,18.57,"{'Low': 72200, 'High': 74500, 'Close': 73600}",0
아모레퍼시픽,2017,0.0,0.0,0.0,P,P,P,30.79,14.53,19.0,5711.0,53.32,"{'Low': 300000, 'High': 307000, 'Close': 304500}","{'Low': 208500, 'High': 215500, 'Close': 209500}"
아모레퍼시픽,2018,4.969345036534697,20.23448761404348,12.233047277251128,P_Contd,P_Contd,P_Contd,26.61,14.98,18.97,4815.0,43.51,"{'Low': 208500, 'High': 215500, 'Close': 209500}","{'Low': 195500, 'High': 200000, 'Close': 200000}"
아모레퍼시픽,2019,-10.085108655904586,-209.59435757549008,-113.73305961191592,P_Contd,P_Contd,P_Contd,21.54,7.1,8.63,3477.0,57.52,"{'Low': 195500, 'High': 200000, 'Close': 200000}","{'Low': 205000, 'High': 209500, 'Close': 206000}"
아모레퍼시픽,2020,6.937796507031208,31.20968426588971,1.6759186572823677,P_Contd,P_Contd,P_Contd,25.28,6.8,8.52,512.0,402.34,"{'Low': 205000, 'High': 209500, 'Close': 206000}","{'Low': 166500, 'High': 174000, 'Close': 167000}"
아모레퍼시픽,2021,16.738122795295123,35.86450129562061,49.58173390461269,P_Contd,P_Contd,P_Contd,29.98,12.33,16.03,2820.0,59.22,"{'Low': 166500, 'High': 174000, 'Close': 167000}","{'Low': 135000, 'High': 140000, 'Close': 137500}"
아모레퍼시픽,2022,5.721868135847916,-26.358648761979435,-21.84281242788304,P_Contd,P_Contd,P_Contd,24.19,9.77,12.14,1949.0,70.55,"{'Low': 135000, 'High': 140000, 'Close': 137500}",0
한화오션,2017,0.0,0.0,0.0,P,P,P,30.79,14.53,19.0,7141.0,1.73,"{'Low': 12349, 'High': 12837, 'Close': 12349}","{'Low': 30116, 'High': 31138, 'Close': 30339}"
한화오션,2018,4.969345036534697,20.23448761404348,12.233047277251128,P_Contd,P_Contd,P_Contd,26.61,14.98,18.97,2998.0,10.12,"{'Low': 30116, 'High': 31138, 'Close': 30339}","{'Low': 24697, 'High': 25141, 'Close': 24742}"
한화오션,2019,-10.085108655904586,-209.59435757549008,-113.73305961191592,P_Contd,P_Contd,L_Turned,21.54,7.1,8.63,-655.0,-37.77,"{'Low': 24697, 'High': 25141, 'Close': 24742}","{'Low': 23764, 'High': 24342, 'Close': 24342}"
한화오션,2020,6.937796507031208,31.20968426588971,1.6759186572823677,P_Contd,P_Contd,P_Turned,25.28,6.8,8.52,584.0,41.68,"{'Low': 23764, 'High': 24342, 'Close': 24342}","{'Low': 20167, 'High': 20478, 'Close': 20478}"
한화오션,2021,16.738122795295123,35.86450129562061,49.58173390461269,P_Contd,L_Turned,L_Turned,29.98,12.33,16.03,-16072.0,-1.27,"{'Low': 20167, 'High': 20478, 'Close': 20478}","{'Low': 16524, 'High': 17279, 'Close': 16835}"
한화오션,2022,5.721868135847916,-26.358648761979435,-21.84281242788304,P_Contd,L_Contd,L_Contd,24.19,9.77,12.14,-16493.0,-1.02,"{'Low': 16524, 'High': 17279, 'Close': 16835}",0
현대글로비스,2017,0.0,0.0,0.0,P,P,P,30.79,14.53,19.0,18147.0,7.49,"{'Low': 133000, 'High': 136000, 'Close': 136000}","{'Low': 127000, 'High': 129500, 'Close': 129000}"
현대글로비스,2018,4.969345036534697,20.23448761404348,12.233047277251128,P_Contd,P_Contd,P_Contd,26.61,14.98,18.97,11663.0,11.06,"{'Low': 127000, 'High': 129500, 'Close': 129000}","{'Low': 142500, 'High': 144500, 'Close': 143000}"
현대글로비스,2019,-10.085108655904586,-209.59435757549008,-113.73305961191592,P_Contd,P_Contd,P_Contd,21.54,7.1,8.63,13395.0,10.68,"{'Low': 142500, 'High': 144500, 'Close': 143000}","{'Low': 177500, 'High': 186000, 'Close': 184000}"
현대글로비스,2020,6.937796507031208,31.20968426588971,1.6759186572823677,P_Contd,P_Contd,P_Contd,25.28,6.8,8.52,16165.0,11.38,"{'Low': 177500, 'High': 186000, 'Close': 184000}","{'Low': 167000, 'High': 173500, 'Close': 168000}"
현대글로비스,2021,16.738122795295123,35.86450129562061,49.58173390461269,P_Contd,P_Contd,P_Contd,29.98,12.33,16.03,20877.0,8.05,"{'Low': 167000, 'High': 173500, 'Close': 168000}","{'Low': 163500, 'High': 168500, 'Close': 163500}"
현대글로비스,2022,5.721868135847916,-26.358648761979435,-21.84281242788304,P_Contd,P_Contd,P_Contd,24.19,9.77,12.14,31729.0,5.15,"{'Low': 163500, 'High': 168500, 'Close': 163500}",0
삼성중공업,2017,0.0,0.0,0.0,P,L,L,30.79,14.53,19.0,-930.0,-6.57,"{'Low': 5828, 'High': 6161, 'Close': 6106}","{'Low': 6965, 'High': 7088, 'Close': 6995}"
삼성중공업,2018,4.969345036534697,20.23448761404348,12.233047277251128,P_Contd,L_Contd,L_Contd,26.61,14.98,18.97,-729.0,-9.6,"{'Low': 6965, 'High': 7088, 'Close': 6995}","{'Low': 6776, 'High': 6880, 'Close': 6863}"
삼성중공업,2019,-10.085108655904586,-209.59435757549008,-113.73305961191592,P_Contd,L_Contd,L_Contd,21.54,7.1,8.63,-2170.0,-3.16,"{'Low': 6776, 'High': 6880, 'Close': 6863}","{'Low': 6531, 'High': 6682, 'Close': 6645}"
삼성중공업,2020,6.937796507031208,31.20968426588971,1.6759186572823677,P_Contd,L_Contd,L_Contd,25.28,6.8,8.52,-2454.0,-2.71,"{'Low': 6531, 'High': 6682, 'Close': 6645}","{'Low': 5640, 'High': 5740, 'Close': 5670}"
삼성중공업,2021,16.738122795295123,35.86450129562061,49.58173390461269,P_Contd,L_Contd,L_Contd,29.98,12.33,16.03,-2174.0,-2.61,"{'Low': 5640, 'High': 5740, 'Close': 5670}","{'Low': 5090, 'High': 5220, 'Close': 5110}"
삼성중공업,2022,5.721868135847916,-26.358648761979435,-21.84281242788304,P_Contd,L_Contd,L_Contd,24.19,9.77,12.14,-725.0,-7.05,"{'Low': 5090, 'High': 5220, 'Close': 5110}",0
카카오페이,2017,,,,,,,,,,,,,
카카오페이,2018,,,,,,,,,,,,,
카카오페이,2019,,,,,,,,,,,,,
카카오페이,2020,,,,,,,,,,,,,
카카오페이,2021,,,,,,,,,,,,,
카카오페이,2022,,,,,,,,,,,,,
한국타이어앤테크놀로지,2017,0.0,0.0,0.0,P,P,P,30.79,14.53,19.0,4837.0,11.29,"{'Low': 54000, 'High': 54600, 'Close': 54600}","{'Low': 39700, 'High': 40450, 'Close': 40150}"
한국타이어앤테크놀로지,2018,4.969345036534697,20.23448761404348,12.233047277251128,P_Contd,P_Contd,P_Contd,26.61,14.98,18.97,4216.0,9.52,"{'Low': 39700, 'High': 40450, 'Close': 40150}","{'Low': 33300, 'High': 33750, 'Close': 33550}"
한국타이어앤테크놀로지,2019,-10.085108655904586,-209.59435757549008,-113.73305961191592,P_Contd,P_Contd,P_Contd,21.54,7.1,8.63,3387.0,9.91,"{'Low': 33300, 'High': 33750, 'Close': 33550}","{'Low': 39150, 'High': 40200, 'Close': 39400}"
한국타이어앤테크놀로지,2020,6.937796507031208,31.20968426588971,1.6759186572823677,P_Contd,P_Contd,P_Contd,25.28,6.8,8.52,3032.0,12.99,"{'Low': 39150, 'High': 40200, 'Close': 39400}","{'Low': 39600, 'High': 41050, 'Close': 39700}"
한국타이어앤테크놀로지,2021,16.738122795295123,35.86450129562061,49.58173390461269,P_Contd,L_Turned,P_Contd,29.98,12.33,16.03,4822.0,8.23,"{'Low': 39600, 'High': 41050, 'Close': 39700}","{'Low': 31050, 'High': 32400, 'Close': 31150}"
한국타이어앤테크놀로지,2022,5.721868135847916,-26.358648761979435,-21.84281242788304,P_Contd,L_Contd,P_Contd,24.19,9.77,12.14,5658.0,5.51,"{'Low': 31050, 'High': 32400, 'Close': 31150}",0
DB손해보험,2017,,,,,,,,,,,,"{'Low': 70000, 'High': 71300, 'Close': 71200}","{'Low': 69900, 'High': 71900, 'Close': 70400}"
DB손해보험,2018,,,,,,,,,,,,"{'Low': 69900, 'High': 71900, 'Close': 70400}","{'Low': 52100, 'High': 53200, 'Close': 52300}"
DB손해보험,2019,,,,,,,,,,,,"{'Low': 52100, 'High': 53200, 'Close': 52300}","{'Low': 43500, 'High': 43900, 'Close': 43750}"
DB손해보험,2020,,,,,,,,,,,,"{'Low': 43500, 'High': 43900, 'Close': 43750}","{'Low': 53600, 'High': 55200, 'Close': 54000}"
DB손해보험,2021,,,,,,,,,,,,"{'Low': 53600, 'High': 55200, 'Close': 54000}","{'Low': 64100, 'High': 66100, 'Close': 65300}"
DB손해보험,2022,,,,,,,,,,,,"{'Low': 64100, 'High': 66100, 'Close': 65300}",0
한화솔루션,2017,0.0,0.0,0.0,P,P,P,30.79,14.53,19.0,5021.0,7.61,"{'Low': 36339, 'High': 38335, 'Close': 38214}","{'Low': 24065, 'High': 24851, 'Close': 24428}"
한화솔루션,2018,4.969345036534697,20.23448761404348,12.233047277251128,P_Contd,P_Contd,P_Contd,26.61,14.98,18.97,1136.0,21.5,"{'Low': 24065, 'High': 24851, 'Close': 24428}","{'Low': 22492, 'High': 22794, 'Close': 22796}"
한화솔루션,2019,-10.085108655904586,-209.59435757549008,-113.73305961191592,P_Contd,P_Contd,L_Turned,21.54,7.1,8.63,-1459.0,-15.62,"{'Low': 22492, 'High': 22794, 'Close': 22796}","{'Low': 56836, 'High': 58106, 'Close': 57926}"
한화솔루션,2020,6.937796507031208,31.20968426588971,1.6759186572823677,P_Contd,P_Contd,P_Turned,25.28,6.8,8.52,1919.0,30.19,"{'Low': 56836, 'High': 58106, 'Close': 57926}","{'Low': 44289, 'High': 45100, 'Close': 44290}"
한화솔루션,2021,16.738122795295123,35.86450129562061,49.58173390461269,P_Contd,P_Contd,P_Contd,29.98,12.33,16.03,3320.0,13.34,"{'Low': 44289, 'High': 45100, 'Close': 44290}","{'Low': 53397, 'High': 54831, 'Close': 53647}"
한화솔루션,2022,5.721868135847916,-26.358648761979435,-21.84281242788304,P_Contd,P_Contd,P_Contd,24.19,9.77,12.14,1873.0,28.64,"{'Low': 53397, 'High': 54831, 'Close': 53647}",0
한미반도체,2017,0.0,0.0,0.0,P,P,P,30.79,14.53,19.0,185.0,32.03,"{'Low': 5825, 'High': 5975, 'Close': 5925}","{'Low': 3875, 'High': 3930, 'Close': 3890}"
한미반도체,2018,4.969345036534697,20.23448761404348,12.233047277251128,P_Contd,P_Contd,P_Contd,26.61,14.98,18.97,966.0,4.03,"{'Low': 3875, 'High': 3930, 'Close': 3890}","{'Low': 4035, 'High': 4100, 'Close': 4050}"
한미반도체,2019,-10.085108655904586,-209.59435757549008,-113.73305961191592,P_Contd,P_Contd,P_Contd,21.54,7.1,8.63,383.0,10.57,"{'Low': 4035, 'High': 4100, 'Close': 4050}","{'Low': 8725, 'High': 9125, 'Close': 9050}"
한미반도체,2020,6.937796507031208,31.20968426588971,1.6759186572823677,P_Contd,P_Contd,P_Contd,25.28,6.8,8.52,502.0,18.03,"{'Low': 8725, 'High': 9125, 'Close': 9050}","{'Low': 18450, 'High': 19050, 'Close': 18925}"
한미반도체,2021,16.738122795295123,35.86450129562061,49.58173390461269,P_Contd,P_Contd,P_Contd,29.98,12.33,16.03,1057.0,17.9,"{'Low': 18450, 'High': 19050, 'Close': 18925}","{'Low': 11450, 'High': 11950, 'Close': 11500}"
한미반도체,2022,5.721868135847916,-26.358648761979435,-21.84281242788304,P_Contd,P_Contd,P_Contd,24.19,9.77,12.14,939.0,12.25,"{'Low': 11450, 'High': 11950, 'Close': 11500}",0
HD현대,2017,0.0,0.0,0.0,P,P,P,30.79,14.53,19.0,74413.0,1.02,"{'Low': 72200, 'High': 77000, 'Close': 76200}","{'Low': 69200, 'High': 71700, 'Close': 69200}"
HD현대,2018,4.969345036534697,20.23448761404348,12.233047277251128,P_Contd,P_Contd,P_Contd,26.61,14.98,18.97,18371.0,3.77,"{'Low': 69200, 'High': 71700, 'Close': 69200}","{'Low': 66900, 'High': 69100, 'Close': 67600}"
HD현대,2019,-10.085108655904586,-209.59435757549008,-113.73305961191592,P_Contd,P_Contd,P_Contd,21.54,7.1,8.63,11848.0,5.71,"{'Low': 66900, 'High': 69100, 'Close': 67600}","{'Low': 56100, 'High': 58000, 'Close': 56700}"
HD현대,2020,6.937796507031208,31.20968426588971,1.6759186572823677,P_Contd,P_Contd,P_Contd,25.28,6.8,8.52,-42815.0,-1.32,"{'Low': 56100, 'High': 58000, 'Close': 56700}","{'Low': 53500, 'High': 54900, 'Close': 53700}"
HD현대,2021,16.738122795295123,35.86450129562061,49.58173390461269,P_Contd,P_Contd,P_Contd,29.98,12.33,16.03,-2082.0,-25.79,"{'Low': 53500, 'High': 54900, 'Close': 53700}","{'Low': 57100, 'High': 59800, 'Close': 57100}"
HD현대,2022,5.721868135847916,-26.358648761979435,-21.84281242788304,P_Contd,P_Contd,P_Contd,24.19,9.77,12.14,19933.0,2.86,"{'Low': 57100, 'High': 59800, 'Close': 57100}",0
롯데케미칼,2017,0.0,0.0,0.0,P,P,P,30.79,14.53,19.0,65625.0,5.34,"{'Low': 342902, 'High': 350998, 'Close': 350522}","{'Low': 260986, 'High': 270035, 'Close': 263844}"
롯데케미칼,2018,4.969345036534697,20.23448761404348,12.233047277251128,P_Contd,P_Contd,P_Contd,26.61,14.98,18.97,46074.0,5.73,"{'Low': 260986, 'High': 270035, 'Close': 263844}","{'Low': 212408, 'High': 218124, 'Close': 213361}"
롯데케미칼,2019,-10.085108655904586,-209.59435757549008,-113.73305961191592,P_Contd,P_Contd,P_Contd,21.54,7.1,8.63,20860.0,10.23,"{'Low': 212408, 'High': 218124, 'Close': 213361}","{'Low': 252890, 'High': 266701, 'Close': 262892}"
롯데케미칼,2020,6.937796507031208,31.20968426588971,1.6759186572823677,P_Contd,P_Contd,P_Contd,25.28,6.8,8.52,4623.0,56.87,"{'Low': 252890, 'High': 266701, 'Close': 262892}","{'Low': 206217, 'High': 211932, 'Close': 206694}"
롯데케미칼,2021,16.738122795295123,35.86450129562061,49.58173390461269,P_Contd,P_Contd,P_Contd,29.98,12.33,16.03,38911.0,5.31,"{'Low': 206217, 'High': 211932, 'Close': 206694}","{'Low': 178000, 'High': 185000, 'Close': 178500}"
롯데케미칼,2022,5.721868135847916,-26.358648761979435,-21.84281242788304,P_Contd,L_Turned,L_Turned,24.19,9.77,12.14,1802.0,99.06,"{'Low': 178000, 'High': 185000, 'Close': 178500}",0
맥쿼리인프라,2017,,,,,,,,,,,,"{'Low': 8211, 'High': 8250, 'Close': 8231}","{'Low': 9158, 'High': 9278, 'Close': 9269}"
맥쿼리인프라,2018,,,,,,,,,,,,"{'Low': 9158, 'High': 9278, 'Close': 9269}","{'Low': 11573, 'High': 11673, 'Close': 11573}"
맥쿼리인프라,2019,,,,,,,,,,,,"{'Low': 11573, 'High': 11673, 'Close': 11573}","{'Low': 10625, 'High': 10825, 'Close': 10625}"
맥쿼리인프라,2020,,,,,,,,,,,,"{'Low': 10625, 'High': 10825, 'Close': 10625}","{'Low': 13867, 'High': 14017, 'Close': 14018}"
맥쿼리인프라,2021,,,,,,,,,,,,"{'Low': 13867, 'High': 14017, 'Close': 14018}","{'Low': 10974, 'High': 11174, 'Close': 11025}"
맥쿼리인프라,2022,,,,,,,,,,,,"{'Low': 10974, 'High': 11174, 'Close': 11025}",0
SK아이이테크놀로지,2017,,,,,,,,,,,,,
SK아이이테크놀로지,2018,,,,,,,,,,,,,
SK아이이테크놀로지,2019,,,,,,,,,,,,,
SK아이이테크놀로지,2020,,,,,,,,,,,,,
SK아이이테크놀로지,2021,,,,,,,,,,,,,
SK아이이테크놀로지,2022,,,,,,,,,,,,,
엘앤에프,2017,0.0,0.0,0.0,P,P,P,30.79,14.53,19.0,963.0,41.21,"{'Low': 39031, 'High': 40608, 'Close': 39682}","{'Low': 32959, 'High': 34118, 'Close': 33748}"
엘앤에프,2018,4.969345036534697,20.23448761404348,12.233047277251128,P_Contd,P_Contd,P_Contd,26.61,14.98,18.97,927.0,36.41,"{'Low': 32959, 'High': 34118, 'Close': 33748}","{'Low': 19654, 'High': 20628, 'Close': 20351}"
엘앤에프,2019,-10.085108655904586,-209.59435757549008,-113.73305961191592,P_Contd,L_Turned,L_Turned,21.54,7.1,8.63,-428.0,-47.55,"{'Low': 19654, 'High': 20628, 'Close': 20351}","{'Low': 67516, 'High': 69247, 'Close': 68767}"
엘앤에프,2020,6.937796507031208,31.20968426588971,1.6759186572823677,P_Contd,P_Turned,L_Contd,25.28,6.8,8.52,-687.0,-100.1,"{'Low': 67516, 'High': 69247, 'Close': 68767}","{'Low': 217500, 'High': 224800, 'Close': 222400}"
엘앤에프,2021,16.738122795295123,35.86450129562061,49.58173390461269,P_Contd,P_Contd,L_Contd,29.98,12.33,16.03,-4198.0,-52.98,"{'Low': 217500, 'High': 224800, 'Close': 222400}","{'Low': 171000, 'High': 175000, 'Close': 173500}"
엘앤에프,2022,5.721868135847916,-26.358648761979435,-21.84281242788304,P_Contd,P_Contd,P_Turned,24.19,9.77,12.14,8269.0,20.98,"{'Low': 171000, 'High': 175000, 'Close': 173500}",0
두산밥캣,2017,0.0,0.0,0.0,P,L,P,30.79,14.53,19.0,2726.0,13.13,"{'Low': 34900, 'High': 35850, 'Close': 35800}","{'Low': 31100, 'High': 31850, 'Close': 31500}"
두산밥캣,2018,4.969345036534697,20.23448761404348,12.233047277251128,P_Contd,L_Contd,P_Contd,26.61,14.98,18.97,2641.0,11.93,"{'Low': 31100, 'High': 31850, 'Close': 31500}","{'Low': 34250, 'High': 35300, 'Close': 34350}"
두산밥캣,2019,-10.085108655904586,-209.59435757549008,-113.73305961191592,P_Contd,P_Turned,P_Contd,21.54,7.1,8.63,2716.0,12.65,"{'Low': 34250, 'High': 35300, 'Close': 34350}","{'Low': 29100, 'High': 29800, 'Close': 29650}"
두산밥캣,2020,6.937796507031208,31.20968426588971,1.6759186572823677,P_Contd,P_Contd,P_Contd,25.28,6.8,8.52,2466.0,12.02,"{'Low': 29100, 'High': 29800, 'Close': 29650}","{'Low': 40300, 'High': 41450, 'Close': 40750}"
두산밥캣,2021,16.738122795295123,35.86450129562061,49.58173390461269,P_Contd,L_Turned,L_Turned,29.98,12.33,16.03,3845.0,10.6,"{'Low': 40300, 'High': 41450, 'Close': 40750}","{'Low': 34600, 'High': 35800, 'Close': 34600}"
두산밥캣,2022,5.721868135847916,-26.358648761979435,-21.84281242788304,P_Contd,P_Turned,P_Turned,24.19,9.77,12.14,6421.0,5.39,"{'Low': 34600, 'High': 35800, 'Close': 34600}",0
넷마블,2017,0.0,0.0,0.0,P,P,P,30.79,14.53,19.0,3908.0,48.23,"{'Low': 186500, 'High': 193500, 'Close': 188500}","{'Low': 111000, 'High': 115500, 'Close': 111500}"
넷마블,2018,4.969345036534697,20.23448761404348,12.233047277251128,P_Contd,P_Contd,P_Contd,26.61,14.98,18.97,2230.0,50.0,"{'Low': 111000, 'High': 115500, 'Close': 111500}","{'Low': 90500, 'High': 92700, 'Close': 92400}"
넷마블,2019,-10.085108655904586,-209.59435757549008,-113.73305961191592,P_Contd,P_Contd,P_Contd,21.54,7.1,8.63,1883.0,49.07,"{'Low': 90500, 'High': 92700, 'Close': 92400}","{'Low': 125500, 'High': 132000, 'Close': 131500}"
넷마블,2020,6.937796507031208,31.20968426588971,1.6759186572823677,P_Contd,P_Contd,P_Contd,25.28,6.8,8.52,3827.0,34.36,"{'Low': 125500, 'High': 132000, 'Close': 131500}","{'Low': 118000, 'High': 127500, 'Close': 125000}"
넷마블,2021,16.738122795295123,35.86450129562061,49.58173390461269,P_Contd,P_Contd,P_Contd,29.98,12.33,16.03,2933.0,42.62,"{'Low': 118000, 'High': 127500, 'Close': 125000}","{'Low': 57500, 'High': 63700, 'Close': 60400}"
넷마블,2022,5.721868135847916,-26.358648761979435,-21.84281242788304,P_Contd,L_Turned,L_Turned,24.19,9.77,12.14,-9998.0,-6.04,"{'Low': 57500, 'High': 63700, 'Close': 60400}",0
한국항공우주,2017,0.0,0.0,0.0,P,L,L,30.79,14.53,19.0,-2413.0,-19.66,"{'Low': 46450, 'High': 47500, 'Close': 47450}","{'Low': 30950, 'High': 32150, 'Close': 31900}"
한국항공우주,2018,4.969345036534697,20.23448761404348,12.233047277251128,P_Contd,P_Turned,P_Turned,26.61,14.98,18.97,587.0,54.34,"{'Low': 30950, 'High': 32150, 'Close': 31900}","{'Low': 33900, 'High': 34250, 'Close': 34050}"
한국항공우주,2019,-10.085108655904586,-209.59435757549008,-113.73305961191592,P_Contd,P_Contd,P_Contd,21.54,7.1,8.63,1748.0,19.48,"{'Low': 33900, 'High': 34250, 'Close': 34050}","{'Low': 25100, 'High': 25850, 'Close': 25800}"
한국항공우주,2020,6.937796507031208,31.20968426588971,1.6759186572823677,P_Contd,P_Contd,P_Contd,25.28,6.8,8.52,766.0,33.68,"{'Low': 25100, 'High': 25850, 'Close': 25800}","{'Low': 31850, 'High': 32700, 'Close': 32450}"
한국항공우주,2021,16.738122795295123,35.86450129562061,49.58173390461269,P_Contd,P_Contd,P_Contd,29.98,12.33,16.03,656.0,49.47,"{'Low': 31850, 'High': 32700, 'Close': 32450}","{'Low': 50000, 'High': 51600, 'Close': 50900}"
한국항공우주,2022,5.721868135847916,-26.358648761979435,-21.84281242788304,P_Contd,P_Contd,P_Contd,24.19,9.77,12.14,1215.0,41.89,"{'Low': 50000, 'High': 51600, 'Close': 50900}",0
SK바이오사이언스,2017,,,,,,,,,,,,,
SK바이오사이언스,2018,,,,,,,,,,,,,
SK바이오사이언스,2019,,,,,,,,,,,,,
SK바이오사이언스,2020,,,,,,,,,,,,,
SK바이오사이언스,2021,,,,,,,,,,,,,
SK바이오사이언스,2022,,,,,,,,,,,,,
한진칼,2017,0.0,0.0,0.0,L,P,P,30.79,14.53,19.0,3815.0,4.8,"{'Low': 17900, 'High': 18350, 'Close': 18300}","{'Low': 29300, 'High': 32600, 'Close': 29800}"
한진칼,2018,4.969345036534697,20.23448761404348,12.233047277251128,L_Turned,P_Contd,P_Contd,26.61,14.98,18.97,-602.0,-49.5,"{'Low': 29300, 'High': 32600, 'Close': 29800}","{'Low': 40000, 'High': 44600, 'Close': 40000}"
한진칼,2019,-10.085108655904586,-209.59435757549008,-113.73305961191592,L_Turned,P_Contd,P_Contd,21.54,7.1,8.63,-4094.0,-9.77,"{'Low': 40000, 'High': 44600, 'Close': 40000}","{'Low': 60400, 'High': 63600, 'Close': 63100}"
한진칼,2020,6.937796507031208,31.20968426588971,1.6759186572823677,L_Turned,P_Contd,L_Turned,25.28,6.8,8.52,-4476.0,-14.1,"{'Low': 60400, 'High': 63600, 'Close': 63100}","{'Low': 59300, 'High': 63100, 'Close': 61400}"
한진칼,2021,16.738122795295123,35.86450129562061,49.58173390461269,L_Turned,P_Contd,L_Contd,29.98,12.33,16.03,247.0,248.58,"{'Low': 59300, 'High': 63100, 'Close': 61400}","{'Low': 37000, 'High': 38800, 'Close': 37450}"
한진칼,2022,5.721868135847916,-26.358648761979435,-21.84281242788304,L_Turned,P_Contd,P_Turned,24.19,9.77,12.14,10143.0,3.69,"{'Low': 37000, 'High': 38800, 'Close': 37450}",0
미래에셋증권,2017,,,,,,,,,,,,"{'Low': 8798, 'High': 8984, 'Close': 8984}","{'Low': 6530, 'High': 6630, 'Close': 6530}"
미래에셋증권,2018,,,,,,,,,,,,"{'Low': 6530, 'High': 6630, 'Close': 6530}","{'Low': 7550, 'High': 7720, 'Close': 7550}"
미래에셋증권,2019,,,,,,,,,,,,"{'Low': 7550, 'High': 7720, 'Close': 7550}","{'Low': 9260, 'High': 9470, 'Close': 9440}"
미래에셋증권,2020,,,,,,,,,,,,"{'Low': 9260, 'High': 9470, 'Close': 9440}","{'Low': 8630, 'High': 8760, 'Close': 8650}"
미래에셋증권,2021,,,,,,,,,,,,"{'Low': 8630, 'High': 8760, 'Close': 8650}","{'Low': 6080, 'High': 6380, 'Close': 6080}"
미래에셋증권,2022,,,,,,,,,,,,"{'Low': 6080, 'High': 6380, 'Close': 6080}",0
유한양행,2017,0.0,0.0,0.0,P,P,P,30.79,14.53,19.0,10176.0,3.31,"{'Low': 33409, 'High': 34099, 'Close': 33640}","{'Low': 32504, 'High': 33226, 'Close': 32827}"
유한양행,2018,4.969345036534697,20.23448761404348,12.233047277251128,P_Contd,P_Contd,P_Contd,26.61,14.98,18.97,5056.0,6.49,"{'Low': 32504, 'High': 33226, 'Close': 32827}","{'Low': 39235, 'High': 39656, 'Close': 39657}"
유한양행,2019,-10.085108655904586,-209.59435757549008,-113.73305961191592,P_Contd,P_Contd,P_Contd,21.54,7.1,8.63,3365.0,11.79,"{'Low': 39235, 'High': 39656, 'Close': 39657}","{'Low': 64399, 'High': 65802, 'Close': 65802}"
유한양행,2020,6.937796507031208,31.20968426588971,1.6759186572823677,P_Contd,P_Contd,P_Contd,25.28,6.8,8.52,2807.0,23.44,"{'Low': 64399, 'High': 65802, 'Close': 65802}","{'Low': 56578, 'High': 57677, 'Close': 56854}"
유한양행,2021,16.738122795295123,35.86450129562061,49.58173390461269,P_Contd,P_Contd,P_Contd,29.98,12.33,16.03,1496.0,38.0,"{'Low': 56578, 'High': 57677, 'Close': 56854}","{'Low': 54266, 'High': 55223, 'Close': 54745}"
유한양행,2022,5.721868135847916,-26.358648761979435,-21.84281242788304,P_Contd,P_Contd,P_Contd,24.19,9.77,12.14,1327.0,41.25,"{'Low': 54266, 'High': 55223, 'Close': 54745}",0
LG생활건강,2017,0.0,0.0,0.0,P,P,P,30.79,14.53,19.0,36184.0,32.86,"{'Low': 1176000, 'High': 1199000, 'Close': 1189000}","{'Low': 1077000, 'High': 1111000, 'Close': 1101000}"
LG생활건강,2018,4.969345036534697,20.23448761404348,12.233047277251128,P_Contd,P_Contd,P_Contd,26.61,14.98,18.97,40740.0,27.03,"{'Low': 1077000, 'High': 1111000, 'Close': 1101000}","{'Low': 1255000, 'High': 1265000, 'Close': 1261000}"
LG생활건강,2019,-10.085108655904586,-209.59435757549008,-113.73305961191592,P_Contd,P_Contd,P_Contd,21.54,7.1,8.63,46431.0,27.16,"{'Low': 1255000, 'High': 1265000, 'Close': 1261000}","{'Low': 1607000, 'High': 1628000, 'Close': 1620000}"
LG생활건강,2020,6.937796507031208,31.20968426588971,1.6759186572823677,P_Contd,P_Contd,P_Contd,25.28,6.8,8.52,47596.0,34.04,"{'Low': 1607000, 'High': 1628000, 'Close': 1620000}","{'Low': 1094000, 'High': 1107000, 'Close': 1097000}"
LG생활건강,2021,16.738122795295123,35.86450129562061,49.58173390461269,P_Contd,P_Contd,P_Contd,29.98,12.33,16.03,50395.0,21.77,"{'Low': 1094000, 'High': 1107000, 'Close': 1097000}","{'Low': 704000, 'High': 736000, 'Close': 722000}"
LG생활건강,2022,5.721868135847916,-26.358648761979435,-21.84281242788304,P_Contd,P_Contd,P_Contd,24.19,9.77,12.14,14119.0,51.14,"{'Low': 704000, 'High': 736000, 'Close': 722000}",0
금양,2017,0.0,0.0,0.0,P,P,P,30.79,14.53,19.0,517.0,4.8,"{'Low': 2430, 'High': 2505, 'Close': 2480}","{'Low': 2335, 'High': 2395, 'Close': 2335}"
금양,2018,4.969345036534697,20.23448761404348,12.233047277251128,P_Contd,P_Contd,P_Contd,26.61,14.98,18.97,533.0,4.38,"{'Low': 2335, 'High': 2395, 'Close': 2335}","{'Low': 2070, 'High': 2900, 'Close': 2400}"
금양,2019,-10.085108655904586,-209.59435757549008,-113.73305961191592,P_Contd,P_Contd,L_Turned,21.54,7.1,8.63,-279.0,-8.6,"{'Low': 2070, 'High': 2900, 'Close': 2400}","{'Low': 6500, 'High': 7050, 'Close': 6620}"
금양,2020,6.937796507031208,31.20968426588971,1.6759186572823677,P_Contd,P_Contd,L_Contd,25.28,6.8,8.52,-95.0,-69.68,"{'Low': 6500, 'High': 7050, 'Close': 6620}","{'Low': 4885, 'High': 5000, 'Close': 4905}"
금양,2021,16.738122795295123,35.86450129562061,49.58173390461269,P_Contd,P_Contd,P_Turned,29.98,12.33,16.03,295.0,16.63,"{'Low': 4885, 'High': 5000, 'Close': 4905}","{'Low': 23300, 'High': 24300, 'Close': 23900}"
금양,2022,5.721868135847916,-26.358648761979435,-21.84281242788304,P_Contd,P_Contd,L_Turned,24.19,9.77,12.14,-575.0,-41.57,"{'Low': 23300, 'High': 24300, 'Close': 23900}",0
LG이노텍,2017,0.0,0.0,0.0,P,P,P,30.79,14.53,19.0,7386.0,19.5,"{'Low': 138500, 'High': 145000, 'Close': 144000}","{'Low': 86300, 'High': 87900, 'Close': 86400}"
LG이노텍,2018,4.969345036534697,20.23448761404348,12.233047277251128,P_Contd,P_Contd,P_Contd,26.61,14.98,18.97,6892.0,12.54,"{'Low': 86300, 'High': 87900, 'Close': 86400}","{'Low': 138000, 'High': 140000, 'Close': 140000}"
LG이노텍,2019,-10.085108655904586,-209.59435757549008,-113.73305961191592,P_Contd,P_Contd,P_Contd,21.54,7.1,8.63,4323.0,32.38,"{'Low': 138000, 'High': 140000, 'Close': 140000}","{'Low': 179500, 'High': 183500, 'Close': 182500}"
LG이노텍,2020,6.937796507031208,31.20968426588971,1.6759186572823677,P_Contd,P_Contd,P_Contd,25.28,6.8,8.52,9978.0,18.29,"{'Low': 179500, 'High': 183500, 'Close': 182500}","{'Low': 361000, 'High': 371000, 'Close': 364000}"
LG이노텍,2021,16.738122795295123,35.86450129562061,49.58173390461269,P_Contd,P_Contd,P_Contd,29.98,12.33,16.03,37536.0,9.7,"{'Low': 361000, 'High': 371000, 'Close': 364000}","{'Low': 249000, 'High': 259500, 'Close': 252500}"
LG이노텍,2022,5.721868135847916,-26.358648761979435,-21.84281242788304,P_Contd,P_Contd,P_Contd,24.19,9.77,12.14,41406.0,6.1,"{'Low': 249000, 'High': 259500, 'Close': 252500}",0
현대제철,2017,0.0,0.0,0.0,P,P,P,30.79,14.53,19.0,5455.0,10.74,"{'Low': 57600, 'High': 58600, 'Close': 58600}","{'Low': 45000, 'High': 46150, 'Close': 45250}"
현대제철,2018,4.969345036534697,20.23448761404348,12.233047277251128,P_Contd,P_Contd,P_Contd,26.61,14.98,18.97,3037.0,14.9,"{'Low': 45000, 'High': 46150, 'Close': 45250}","{'Low': 31400, 'High': 31750, 'Close': 31450}"
현대제철,2019,-10.085108655904586,-209.59435757549008,-113.73305961191592,P_Contd,P_Contd,P_Contd,21.54,7.1,8.63,130.0,241.92,"{'Low': 31400, 'High': 31750, 'Close': 31450}","{'Low': 39050, 'High': 40000, 'Close': 39600}"
현대제철,2020,6.937796507031208,31.20968426588971,1.6759186572823677,P_Contd,P_Contd,L_Turned,25.28,6.8,8.52,-3272.0,-12.1,"{'Low': 39050, 'High': 40000, 'Close': 39600}","{'Low': 40700, 'High': 41350, 'Close': 41000}"
현대제철,2021,16.738122795295123,35.86450129562061,49.58173390461269,P_Contd,P_Contd,P_Turned,29.98,12.33,16.03,11110.0,3.69,"{'Low': 40700, 'High': 41350, 'Close': 41000}","{'Low': 30600, 'High': 32000, 'Close': 30600}"
현대제철,2022,5.721868135847916,-26.358648761979435,-21.84281242788304,P_Contd,P_Contd,P_Contd,24.19,9.77,12.14,7736.0,3.96,"{'Low': 30600, 'High': 32000, 'Close': 30600}",0
LG유플러스,2017,0.0,0.0,0.0,P,P,P,30.79,14.53,19.0,1253.0,11.17,"{'Low': 14000, 'High': 14500, 'Close': 14000}","{'Low': 17000, 'High': 17800, 'Close': 17650}"
LG유플러스,2018,4.969345036534697,20.23448761404348,12.233047277251128,P_Contd,P_Contd,P_Contd,26.61,14.98,18.97,1103.0,16.0,"{'Low': 17000, 'High': 17800, 'Close': 17650}","{'Low': 14100, 'High': 14250, 'Close': 14200}"
LG유플러스,2019,-10.085108655904586,-209.59435757549008,-113.73305961191592,P_Contd,P_Contd,P_Contd,21.54,7.1,8.63,1005.0,14.13,"{'Low': 14100, 'High': 14250, 'Close': 14200}","{'Low': 11650, 'High': 11800, 'Close': 11750}"
LG유플러스,2020,6.937796507031208,31.20968426588971,1.6759186572823677,P_Contd,P_Contd,P_Contd,25.28,6.8,8.52,1069.0,10.99,"{'Low': 11650, 'High': 11800, 'Close': 11750}","{'Low': 13550, 'High': 13700, 'Close': 13600}"
LG유플러스,2021,16.738122795295123,35.86450129562061,49.58173390461269,P_Contd,P_Contd,P_Contd,29.98,12.33,16.03,1642.0,8.28,"{'Low': 13550, 'High': 13700, 'Close': 13600}","{'Low': 11050, 'High': 11300, 'Close': 11050}"
LG유플러스,2022,5.721868135847916,-26.358648761979435,-21.84281242788304,P_Contd,P_Contd,P_Contd,24.19,9.77,12.14,1543.0,7.16,"{'Low': 11050, 'High': 11300, 'Close': 11050}",0
두산로보틱스,2017,,,,,,,,,,,,,
두산로보틱스,2018,,,,,,,,,,,,,
두산로보틱스,2019,,,,,,,,,,,,,
두산로보틱스,2020,,,,,,,,,,,,,
두산로보틱스,2021,,,,,,,,,,,,,
두산로보틱스,2022,,,,,,,,,,,,,
CJ제일제당,2017,0.0,0.0,0.0,P,P,P,30.79,14.53,19.0,26179.0,13.98,"{'Low': 364000, 'High': 368500, 'Close': 366000}","{'Low': 324500, 'High': 335000, 'Close': 330500}"
CJ제일제당,2018,4.969345036534697,20.23448761404348,12.233047277251128,P_Contd,P_Contd,P_Contd,26.61,14.98,18.97,55416.0,5.96,"{'Low': 324500, 'High': 335000, 'Close': 330500}","{'Low': 250000, 'High': 254500, 'Close': 252500}"
CJ제일제당,2019,-10.085108655904586,-209.59435757549008,-113.73305961191592,P_Contd,P_Contd,L_Turned,21.54,7.1,8.63,9516.0,26.53,"{'Low': 250000, 'High': 254500, 'Close': 252500}","{'Low': 379000, 'High': 385000, 'Close': 381000}"
CJ제일제당,2020,6.937796507031208,31.20968426588971,1.6759186572823677,P_Contd,P_Contd,P_Turned,25.28,6.8,8.52,42783.0,8.91,"{'Low': 379000, 'High': 385000, 'Close': 381000}","{'Low': 385500, 'High': 394000, 'Close': 387500}"
CJ제일제당,2021,16.738122795295123,35.86450129562061,49.58173390461269,P_Contd,P_Contd,P_Contd,29.98,12.33,16.03,38246.0,10.13,"{'Low': 385500, 'High': 394000, 'Close': 387500}","{'Low': 379000, 'High': 387000, 'Close': 380500}"
CJ제일제당,2022,5.721868135847916,-26.358648761979435,-21.84281242788304,P_Contd,P_Contd,P_Contd,24.19,9.77,12.14,37188.0,10.23,"{'Low': 379000, 'High': 387000, 'Close': 380500}",0
삼성엔지니어링,2017,0.0,0.0,0.0,P,L,L,30.79,14.53,19.0,-329.0,-37.69,"{'Low': 12100, 'High': 12600, 'Close': 12400}","{'Low': 17350, 'High': 17800, 'Close': 17600}"
삼성엔지니어링,2018,4.969345036534697,20.23448761404348,12.233047277251128,P_Contd,L_Contd,P_Turned,26.61,14.98,18.97,313.0,56.23,"{'Low': 17350, 'High': 17800, 'Close': 17600}","{'Low': 19200, 'High': 19350, 'Close': 19200}"
삼성엔지니어링,2019,-10.085108655904586,-209.59435757549008,-113.73305961191592,P_Contd,P_Turned,P_Contd,21.54,7.1,8.63,1637.0,11.73,"{'Low': 19200, 'High': 19350, 'Close': 19200}","{'Low': 12900, 'High': 13250, 'Close': 13250}"
삼성엔지니어링,2020,6.937796507031208,31.20968426588971,1.6759186572823677,P_Contd,P_Contd,P_Contd,25.28,6.8,8.52,1288.0,10.29,"{'Low': 12900, 'High': 13250, 'Close': 13250}","{'Low': 22600, 'High': 23200, 'Close': 22900}"
삼성엔지니어링,2021,16.738122795295123,35.86450129562061,49.58173390461269,P_Contd,P_Contd,P_Contd,29.98,12.33,16.03,1900.0,12.05,"{'Low': 22600, 'High': 23200, 'Close': 22900}","{'Low': 22250, 'High': 23350, 'Close': 22250}"
삼성엔지니어링,2022,5.721868135847916,-26.358648761979435,-21.84281242788304,P_Contd,P_Contd,P_Contd,24.19,9.77,12.14,3392.0,6.56,"{'Low': 22250, 'High': 23350, 'Close': 22250}",0
엔씨소프트,2017,0.0,0.0,0.0,P,P,P,30.79,14.53,19.0,20756.0,21.56,"{'Low': 444500, 'High': 452000, 'Close': 447500}","{'Low': 464000, 'High': 476000, 'Close': 466500}"
엔씨소프트,2018,4.969345036534697,20.23448761404348,12.233047277251128,P_Contd,P_Contd,P_Contd,26.61,14.98,18.97,19831.0,23.52,"{'Low': 464000, 'High': 476000, 'Close': 466500}","{'Low': 538000, 'High': 545000, 'Close': 541000}"
엔씨소프트,2019,-10.085108655904586,-209.59435757549008,-113.73305961191592,P_Contd,P_Contd,P_Contd,21.54,7.1,8.63,17387.0,31.12,"{'Low': 538000, 'High': 545000, 'Close': 541000}","{'Low': 911000, 'High': 934000, 'Close': 931000}"
엔씨소프트,2020,6.937796507031208,31.20968426588971,1.6759186572823677,P_Contd,P_Contd,P_Contd,25.28,6.8,8.52,28504.0,32.66,"{'Low': 911000, 'High': 934000, 'Close': 931000}","{'Low': 643000, 'High': 660000, 'Close': 643000}"
엔씨소프트,2021,16.738122795295123,35.86450129562061,49.58173390461269,P_Contd,P_Contd,P_Contd,29.98,12.33,16.03,19318.0,33.29,"{'Low': 643000, 'High': 660000, 'Close': 643000}","{'Low': 443000, 'High': 464500, 'Close': 448000}"
엔씨소프트,2022,5.721868135847916,-26.358648761979435,-21.84281242788304,P_Contd,P_Contd,P_Contd,24.19,9.77,12.14,21456.0,20.88,"{'Low': 443000, 'High': 464500, 'Close': 448000}",0
코스모신소재,2017,0.0,0.0,0.0,P,P,P,30.79,14.53,19.0,526.0,21.03,"{'Low': 10773, 'High': 11346, 'Close': 11060}","{'Low': 15059, 'High': 15730, 'Close': 15507}"
코스모신소재,2018,4.969345036534697,20.23448761404348,12.233047277251128,P_Contd,P_Contd,P_Contd,26.61,14.98,18.97,515.0,30.11,"{'Low': 15059, 'High': 15730, 'Close': 15507}","{'Low': 8415, 'High': 8919, 'Close': 8791}"
코스모신소재,2019,-10.085108655904586,-209.59435757549008,-113.73305961191592,P_Contd,L_Turned,L_Turned,21.54,7.1,8.63,-80.0,-109.89,"{'Low': 8415, 'High': 8919, 'Close': 8791}","{'Low': 18916, 'High': 20348, 'Close': 19410}"
코스모신소재,2020,6.937796507031208,31.20968426588971,1.6759186572823677,P_Contd,P_Turned,P_Turned,25.28,6.8,8.52,401.0,48.4,"{'Low': 18916, 'High': 20348, 'Close': 19410}","{'Low': 44698, 'High': 45834, 'Close': 45588}"
코스모신소재,2021,16.738122795295123,35.86450129562061,49.58173390461269,P_Contd,P_Contd,P_Contd,29.98,12.33,16.03,604.0,75.48,"{'Low': 44698, 'High': 45834, 'Close': 45588}","{'Low': 51169, 'High': 53144, 'Close': 51169}"
코스모신소재,2022,5.721868135847916,-26.358648761979435,-21.84281242788304,P_Contd,P_Contd,P_Contd,24.19,9.77,12.14,912.0,56.11,"{'Low': 51169, 'High': 53144, 'Close': 51169}",0
GS,2017,0.0,0.0,0.0,P,P,P,30.79,14.53,19.0,10416.0,5.97,"{'Low': 61300, 'High': 62200, 'Close': 62200}","{'Low': 50100, 'High': 51800, 'Close': 51600}"
GS,2018,4.969345036534697,20.23448761404348,12.233047277251128,P_Contd,P_Contd,P_Contd,26.61,14.98,18.97,9539.0,5.41,"{'Low': 50100, 'High': 51800, 'Close': 51600}","{'Low': 51200, 'High': 52500, 'Close': 51600}"
GS,2019,-10.085108655904586,-209.59435757549008,-113.73305961191592,P_Contd,P_Contd,P_Contd,21.54,7.1,8.63,5745.0,8.98,"{'Low': 51200, 'High': 52500, 'Close': 51600}","{'Low': 37150, 'High': 37800, 'Close': 37550}"
GS,2020,6.937796507031208,31.20968426588971,1.6759186572823677,P_Contd,P_Contd,L_Turned,25.28,6.8,8.52,-2564.0,-14.65,"{'Low': 37150, 'High': 37800, 'Close': 37550}","{'Low': 39000, 'High': 39550, 'Close': 39100}"
GS,2021,16.738122795295123,35.86450129562061,49.58173390461269,P_Contd,P_Contd,P_Turned,29.98,12.33,16.03,15304.0,2.55,"{'Low': 39000, 'High': 39550, 'Close': 39100}","{'Low': 43550, 'High': 44300, 'Close': 43800}"
GS,2022,5.721868135847916,-26.358648761979435,-21.84281242788304,P_Contd,P_Contd,P_Contd,24.19,9.77,12.14,22634.0,1.94,"{'Low': 43550, 'High': 44300, 'Close': 43800}",0
현대차2우B,2017,,,,,,,,,,,,"{'Low': 100000, 'High': 104000, 'Close': 102000}","{'Low': 73200, 'High': 77900, 'Close': 77000}"
현대차2우B,2018,,,,,,,,,,,,"{'Low': 73200, 'High': 77900, 'Close': 77000}","{'Low': 79100, 'High': 80800, 'Close': 79400}"
현대차2우B,2019,,,,,,,,,,,,"{'Low': 79100, 'High': 80800, 'Close': 79400}","{'Low': 89300, 'High': 90200, 'Close': 89600}"
현대차2우B,2020,,,,,,,,,,,,"{'Low': 89300, 'High': 90200, 'Close': 89600}","{'Low': 99200, 'High': 101500, 'Close': 101000}"
현대차2우B,2021,,,,,,,,,,,,"{'Low': 99200, 'High': 101500, 'Close': 101000}","{'Low': 73900, 'High': 76700, 'Close': 73900}"
현대차2우B,2022,,,,,,,,,,,,"{'Low': 73900, 'High': 76700, 'Close': 73900}",0
LG디스플레이,2017,0.0,0.0,0.0,P,P,P,30.79,14.53,19.0,5038.0,5.49,"{'Low': 27451, 'High': 27913, 'Close': 27636}","{'Low': 16544, 'High': 16914, 'Close': 16683}"
LG디스플레이,2018,4.969345036534697,20.23448761404348,12.233047277251128,P_Contd,L_Turned,L_Turned,26.61,14.98,18.97,-579.0,-28.81,"{'Low': 16544, 'High': 16914, 'Close': 16683}","{'Low': 14973, 'High': 15343, 'Close': 15020}"
LG디스플레이,2019,-10.085108655904586,-209.59435757549008,-113.73305961191592,P_Contd,L_Contd,L_Contd,21.54,7.1,8.63,-7908.0,-1.9,"{'Low': 14973, 'High': 15343, 'Close': 15020}","{'Low': 16960, 'High': 17237, 'Close': 17145}"
LG디스플레이,2020,6.937796507031208,31.20968426588971,1.6759186572823677,P_Contd,L_Contd,L_Contd,25.28,6.8,8.52,-265.0,-64.7,"{'Low': 16960, 'High': 17237, 'Close': 17145}","{'Low': 22136, 'High': 22875, 'Close': 22737}"
LG디스플레이,2021,16.738122795295123,35.86450129562061,49.58173390461269,P_Contd,P_Turned,P_Turned,29.98,12.33,16.03,3315.0,6.86,"{'Low': 22136, 'High': 22875, 'Close': 22737}","{'Low': 11460, 'High': 11691, 'Close': 11507}"
LG디스플레이,2022,5.721868135847916,-26.358648761979435,-21.84281242788304,P_Contd,L_Turned,L_Turned,24.19,9.77,12.14,-8584.0,-1.34,"{'Low': 11460, 'High': 11691, 'Close': 11507}",0
한미약품,2017,0.0,0.0,0.0,P,P,P,30.79,14.53,19.0,5482.0,95.26,"{'Low': 515955, 'High': 524003, 'Close': 522216}","{'Low': 414658, 'High': 428785, 'Close': 422863}"
한미약품,2018,4.969345036534697,20.23448761404348,12.233047277251128,P_Contd,P_Contd,P_Contd,26.61,14.98,18.97,2158.0,195.95,"{'Low': 414658, 'High': 428785, 'Close': 422863}","{'Low': 268653, 'High': 276077, 'Close': 275151}"
한미약품,2019,-10.085108655904586,-209.59435757549008,-113.73305961191592,P_Contd,P_Contd,P_Contd,21.54,7.1,8.63,4514.0,60.96,"{'Low': 268653, 'High': 276077, 'Close': 275151}","{'Low': 338374, 'High': 352078, 'Close': 346409}"
한미약품,2020,6.937796507031208,31.20968426588971,1.6759186572823677,P_Contd,P_Contd,P_Contd,25.28,6.8,8.52,977.0,354.56,"{'Low': 338374, 'High': 352078, 'Close': 346409}","{'Low': 263531, 'High': 270757, 'Close': 265940}"
한미약품,2021,16.738122795295123,35.86450129562061,49.58173390461269,P_Contd,P_Contd,P_Contd,29.98,12.33,16.03,5375.0,49.48,"{'Low': 263531, 'High': 270757, 'Close': 265940}","{'Low': 285509, 'High': 295810, 'Close': 292377}"
한미약품,2022,5.721868135847916,-26.358648761979435,-21.84281242788304,P_Contd,P_Contd,P_Contd,24.19,9.77,12.14,6648.0,43.98,"{'Low': 285509, 'High': 295810, 'Close': 292377}",0
코웨이,2017,0.0,0.0,0.0,P,P,P,30.79,14.53,19.0,4484.0,21.79,"{'Low': 95800, 'High': 97700, 'Close': 97700}","{'Low': 73700, 'High': 75800, 'Close': 74100}"
코웨이,2018,4.969345036534697,20.23448761404348,12.233047277251128,P_Contd,P_Contd,P_Contd,26.61,14.98,18.97,4854.0,15.27,"{'Low': 73700, 'High': 75800, 'Close': 74100}","{'Low': 91400, 'High': 95000, 'Close': 93100}"
코웨이,2019,-10.085108655904586,-209.59435757549008,-113.73305961191592,P_Contd,P_Contd,P_Contd,21.54,7.1,8.63,4611.0,20.19,"{'Low': 91400, 'High': 95000, 'Close': 93100}","{'Low': 71600, 'High': 72900, 'Close': 72700}"
코웨이,2020,6.937796507031208,31.20968426588971,1.6759186572823677,P_Contd,P_Contd,P_Contd,25.28,6.8,8.52,5584.0,13.02,"{'Low': 71600, 'High': 72900, 'Close': 72700}","{'Low': 74100, 'High': 77400, 'Close': 74400}"
코웨이,2021,16.738122795295123,35.86450129562061,49.58173390461269,P_Contd,P_Contd,P_Contd,29.98,12.33,16.03,6418.0,11.59,"{'Low': 74100, 'High': 77400, 'Close': 74400}","{'Low': 55600, 'High': 57100, 'Close': 55900}"
코웨이,2022,5.721868135847916,-26.358648761979435,-21.84281242788304,P_Contd,P_Contd,P_Contd,24.19,9.77,12.14,6314.0,8.85,"{'Low': 55600, 'High': 57100, 'Close': 55900}",0
현대오토에버,2017,,,,,,,,,,,,,
현대오토에버,2018,,,,,,,,,,,,,
현대오토에버,2019,,,,,,,,,,,,,
현대오토에버,2020,,,,,,,,,,,,,
현대오토에버,2021,,,,,,,,,,,,,
현대오토에버,2022,,,,,,,,,,,,,
현대건설,2017,0.0,0.0,0.0,P,P,P,30.79,14.53,19.0,1810.0,19.51,"{'Low': 34248, 'High': 35513, 'Close': 35319}","{'Low': 51859, 'High': 54389, 'Close': 53124}"
현대건설,2018,4.969345036534697,20.23448761404348,12.233047277251128,P_Contd,P_Contd,P_Contd,26.61,14.98,18.97,3424.0,15.52,"{'Low': 51859, 'High': 54389, 'Close': 53124}","{'Low': 40962, 'High': 41497, 'Close': 41157}"
현대건설,2019,-10.085108655904586,-209.59435757549008,-113.73305961191592,P_Contd,P_Contd,P_Contd,21.54,7.1,8.63,3656.0,11.26,"{'Low': 40962, 'High': 41497, 'Close': 41157}","{'Low': 35221, 'High': 36681, 'Close': 36438}"
현대건설,2020,6.937796507031208,31.20968426588971,1.6759186572823677,P_Contd,P_Contd,P_Contd,25.28,6.8,8.52,1097.0,33.22,"{'Low': 35221, 'High': 36681, 'Close': 36438}","{'Low': 44050, 'High': 44950, 'Close': 44450}"
현대건설,2021,16.738122795295123,35.86450129562061,49.58173390461269,P_Contd,P_Contd,P_Contd,29.98,12.33,16.03,3625.0,12.26,"{'Low': 44050, 'High': 44950, 'Close': 44450}","{'Low': 34900, 'High': 35950, 'Close': 34900}"
현대건설,2022,5.721868135847916,-26.358648761979435,-21.84281242788304,P_Contd,P_Contd,P_Contd,24.19,9.77,12.14,3637.0,9.6,"{'Low': 34900, 'High': 35950, 'Close': 34900}",0
삼성카드,2017,,,,,,,,,,,,"{'Low': 39250, 'High': 40000, 'Close': 39600}","{'Low': 34000, 'High': 34950, 'Close': 34550}"
삼성카드,2018,,,,,,,,,,,,"{'Low': 34000, 'High': 34950, 'Close': 34550}","{'Low': 38100, 'High': 38950, 'Close': 38600}"
삼성카드,2019,,,,,,,,,,,,"{'Low': 38100, 'High': 38950, 'Close': 38600}","{'Low': 32000, 'High': 33050, 'Close': 32500}"
삼성카드,2020,,,,,,,,,,,,"{'Low': 32000, 'High': 33050, 'Close': 32500}","{'Low': 31400, 'High': 31850, 'Close': 31500}"
삼성카드,2021,,,,,,,,,,,,"{'Low': 31400, 'High': 31850, 'Close': 31500}","{'Low': 29550, 'High': 30150, 'Close': 29550}"
삼성카드,2022,,,,,,,,,,,,"{'Low': 29550, 'High': 30150, 'Close': 29550}",0
HD현대일렉트릭,2017,0.0,0.0,0.0,P,P,P,30.79,14.53,19.0,930.0,53.07,"{'Low': 47192, 'High': 50006, 'Close': 49357}","{'Low': 18900, 'High': 19547, 'Close': 19159}"
HD현대일렉트릭,2018,4.969345036534697,20.23448761404348,12.233047277251128,P_Contd,L_Turned,L_Turned,26.61,14.98,18.97,-8812.0,-2.17,"{'Low': 18900, 'High': 19547, 'Close': 19159}","{'Low': 10400, 'High': 11800, 'Close': 11550}"
HD현대일렉트릭,2019,-10.085108655904586,-209.59435757549008,-113.73305961191592,P_Contd,L_Contd,L_Contd,21.54,7.1,8.63,-12961.0,-0.89,"{'Low': 10400, 'High': 11800, 'Close': 11550}","{'Low': 15850, 'High': 16600, 'Close': 16400}"
HD현대일렉트릭,2020,6.937796507031208,31.20968426588971,1.6759186572823677,P_Contd,P_Turned,L_Contd,25.28,6.8,8.52,-1118.0,-14.67,"{'Low': 15850, 'High': 16600, 'Close': 16400}","{'Low': 19850, 'High': 20300, 'Close': 19900}"
HD현대일렉트릭,2021,16.738122795295123,35.86450129562061,49.58173390461269,P_Contd,P_Contd,L_Contd,29.98,12.33,16.03,-936.0,-21.26,"{'Low': 19850, 'High': 20300, 'Close': 19900}","{'Low': 42200, 'High': 44000, 'Close': 42500}"
HD현대일렉트릭,2022,5.721868135847916,-26.358648761979435,-21.84281242788304,P_Contd,P_Contd,P_Turned,24.19,9.77,12.14,4514.0,9.42,"{'Low': 42200, 'High': 44000, 'Close': 42500}",0
오리온,2017,0.0,0.0,0.0,P,P,P,30.79,14.53,19.0,1912.0,54.65,"{'Low': 103500, 'High': 105500, 'Close': 104500}","{'Low': 113000, 'High': 120000, 'Close': 120000}"
오리온,2018,4.969345036534697,20.23448761404348,12.233047277251128,P_Contd,P_Contd,P_Contd,26.61,14.98,18.97,3538.0,33.92,"{'Low': 113000, 'High': 120000, 'Close': 120000}","{'Low': 105000, 'High': 106500, 'Close': 105500}"
오리온,2019,-10.085108655904586,-209.59435757549008,-113.73305961191592,P_Contd,P_Contd,P_Contd,21.54,7.1,8.63,5454.0,19.34,"{'Low': 105000, 'High': 106500, 'Close': 105500}","{'Low': 122000, 'High': 125000, 'Close': 124000}"
오리온,2020,6.937796507031208,31.20968426588971,1.6759186572823677,P_Contd,P_Contd,P_Contd,25.28,6.8,8.52,6769.0,18.32,"{'Low': 122000, 'High': 125000, 'Close': 124000}","{'Low': 103000, 'High': 106500, 'Close': 103500}"
오리온,2021,16.738122795295123,35.86450129562061,49.58173390461269,P_Contd,P_Contd,P_Contd,29.98,12.33,16.03,6519.0,15.88,"{'Low': 103000, 'High': 106500, 'Close': 103500}","{'Low': 126500, 'High': 129000, 'Close': 128000}"
오리온,2022,5.721868135847916,-26.358648761979435,-21.84281242788304,P_Contd,P_Contd,P_Contd,24.19,9.77,12.14,9926.0,12.9,"{'Low': 126500, 'High': 129000, 'Close': 128000}",0
금호석유,2017,0.0,0.0,0.0,P,P,P,30.79,14.53,19.0,7647.0,13.01,"{'Low': 96900, 'High': 101000, 'Close': 99500}","{'Low': 85200, 'High': 88200, 'Close': 87300}"
금호석유,2018,4.969345036534697,20.23448761404348,12.233047277251128,P_Contd,P_Contd,P_Contd,26.61,14.98,18.97,17597.0,4.96,"{'Low': 85200, 'High': 88200, 'Close': 87300}","{'Low': 77000, 'High': 79300, 'Close': 77500}"
금호석유,2019,-10.085108655904586,-209.59435757549008,-113.73305961191592,P_Contd,P_Contd,P_Contd,21.54,7.1,8.63,10549.0,7.35,"{'Low': 77000, 'High': 79300, 'Close': 77500}","{'Low': 142000, 'High': 146500, 'Close': 145000}"
금호석유,2020,6.937796507031208,31.20968426588971,1.6759186572823677,P_Contd,P_Contd,P_Contd,25.28,6.8,8.52,20881.0,6.94,"{'Low': 142000, 'High': 146500, 'Close': 145000}","{'Low': 165000, 'High': 172500, 'Close': 166000}"
금호석유,2021,16.738122795295123,35.86450129562061,49.58173390461269,P_Contd,P_Contd,P_Contd,29.98,12.33,16.03,70433.0,2.36,"{'Low': 165000, 'High': 172500, 'Close': 166000}","{'Low': 125000, 'High': 132000, 'Close': 126000}"
금호석유,2022,5.721868135847916,-26.358648761979435,-21.84281242788304,P_Contd,P_Contd,P_Contd,24.19,9.77,12.14,37290.0,3.38,"{'Low': 125000, 'High': 132000, 'Close': 126000}",0
NH투자증권,2017,,,,,,,,,,,,"{'Low': 13800, 'High': 13950, 'Close': 13900}","{'Low': 12900, 'High': 13150, 'Close': 13050}"
NH투자증권,2018,,,,,,,,,,,,"{'Low': 12900, 'High': 13150, 'Close': 13050}","{'Low': 12600, 'High': 12950, 'Close': 12700}"
NH투자증권,2019,,,,,,,,,,,,"{'Low': 12600, 'High': 12950, 'Close': 12700}","{'Low': 11000, 'High': 11350, 'Close': 11300}"
NH투자증권,2020,,,,,,,,,,,,"{'Low': 11000, 'High': 11350, 'Close': 11300}","{'Low': 12400, 'High': 12650, 'Close': 12500}"
NH투자증권,2021,,,,,,,,,,,,"{'Low': 12400, 'High': 12650, 'Close': 12500}","{'Low': 8770, 'High': 8950, 'Close': 8770}"
NH투자증권,2022,,,,,,,,,,,,"{'Low': 8770, 'High': 8950, 'Close': 8770}",0
한국금융지주,2017,,,,,,,,,,,,"{'Low': 67600, 'High': 69000, 'Close': 69000}","{'Low': 58900, 'High': 59800, 'Close': 59500}"
한국금융지주,2018,,,,,,,,,,,,"{'Low': 58900, 'High': 59800, 'Close': 59500}","{'Low': 72100, 'High': 73600, 'Close': 72400}"
한국금융지주,2019,,,,,,,,,,,,"{'Low': 72100, 'High': 73600, 'Close': 72400}","{'Low': 77900, 'High': 79400, 'Close': 79000}"
한국금융지주,2020,,,,,,,,,,,,"{'Low': 77900, 'High': 79400, 'Close': 79000}","{'Low': 80200, 'High': 81700, 'Close': 80700}"
한국금융지주,2021,,,,,,,,,,,,"{'Low': 80200, 'High': 81700, 'Close': 80700}","{'Low': 53200, 'High': 54800, 'Close': 53300}"
한국금융지주,2022,,,,,,,,,,,,"{'Low': 53200, 'High': 54800, 'Close': 53300}",0
삼성증권,2017,,,,,,,,,,,,"{'Low': 35950, 'High': 36600, 'Close': 36600}","{'Low': 31300, 'High': 31700, 'Close': 31500}"
삼성증권,2018,,,,,,,,,,,,"{'Low': 31300, 'High': 31700, 'Close': 31500}","{'Low': 38450, 'High': 39350, 'Close': 38600}"
삼성증권,2019,,,,,,,,,,,,"{'Low': 38450, 'High': 39350, 'Close': 38600}","{'Low': 39600, 'High': 40800, 'Close': 40450}"
삼성증권,2020,,,,,,,,,,,,"{'Low': 39600, 'High': 40800, 'Close': 40450}","{'Low': 44850, 'High': 45600, 'Close': 44900}"
삼성증권,2021,,,,,,,,,,,,"{'Low': 44850, 'High': 45600, 'Close': 44900}","{'Low': 31450, 'High': 32050, 'Close': 31450}"
삼성증권,2022,,,,,,,,,,,,"{'Low': 31450, 'High': 32050, 'Close': 31450}",0
한온시스템,2017,0.0,0.0,0.0,P,P,P,30.79,14.53,19.0,541.0,25.69,"{'Low': 13450, 'High': 14050, 'Close': 13900}","{'Low': 10650, 'High': 10900, 'Close': 10800}"
한온시스템,2018,4.969345036534697,20.23448761404348,12.233047277251128,P_Contd,P_Contd,P_Contd,26.61,14.98,18.97,520.0,20.77,"{'Low': 10650, 'High': 10900, 'Close': 10800}","{'Low': 11100, 'High': 11300, 'Close': 11150}"
한온시스템,2019,-10.085108655904586,-209.59435757549008,-113.73305961191592,P_Contd,P_Contd,P_Contd,21.54,7.1,8.63,597.0,18.68,"{'Low': 11100, 'High': 11300, 'Close': 11150}","{'Low': 15850, 'High': 16650, 'Close': 16250}"
한온시스템,2020,6.937796507031208,31.20968426588971,1.6759186572823677,P_Contd,P_Contd,L_Turned,25.28,6.8,8.52,207.0,78.5,"{'Low': 15850, 'High': 16650, 'Close': 16250}","{'Low': 13350, 'High': 13650, 'Close': 13450}"
한온시스템,2021,16.738122795295123,35.86450129562061,49.58173390461269,P_Contd,P_Contd,P_Turned,29.98,12.33,16.03,578.0,23.27,"{'Low': 13350, 'High': 13650, 'Close': 13450}","{'Low': 7970, 'High': 8130, 'Close': 8090}"
한온시스템,2022,5.721868135847916,-26.358648761979435,-21.84281242788304,P_Contd,L_Turned,L_Turned,24.19,9.77,12.14,38.0,212.89,"{'Low': 7970, 'High': 8130, 'Close': 8090}",0
강원랜드,2017,0.0,0.0,0.0,P,P,P,30.79,14.53,19.0,2159.0,16.12,"{'Low': 34250, 'High': 34850, 'Close': 34800}","{'Low': 31900, 'High': 32400, 'Close': 32000}"
강원랜드,2018,4.969345036534697,20.23448761404348,12.233047277251128,P_Contd,P_Contd,P_Contd,26.61,14.98,18.97,1467.0,21.81,"{'Low': 31900, 'High': 32400, 'Close': 32000}","{'Low': 29450, 'High': 29800, 'Close': 29600}"
강원랜드,2019,-10.085108655904586,-209.59435757549008,-113.73305961191592,P_Contd,P_Contd,P_Contd,21.54,7.1,8.63,1651.0,17.93,"{'Low': 29450, 'High': 29800, 'Close': 29600}","{'Low': 23250, 'High': 23600, 'Close': 23500}"
강원랜드,2020,6.937796507031208,31.20968426588971,1.6759186572823677,P_Contd,L_Turned,L_Turned,25.28,6.8,8.52,-1361.0,-17.27,"{'Low': 23250, 'High': 23600, 'Close': 23500}","{'Low': 24000, 'High': 24350, 'Close': 24050}"
강원랜드,2021,16.738122795295123,35.86450129562061,49.58173390461269,P_Contd,L_Contd,L_Contd,29.98,12.33,16.03,-52.0,-462.5,"{'Low': 24000, 'High': 24350, 'Close': 24050}","{'Low': 23200, 'High': 23650, 'Close': 23200}"
강원랜드,2022,5.721868135847916,-26.358648761979435,-21.84281242788304,P_Contd,P_Turned,P_Turned,24.19,9.77,12.14,570.0,40.7,"{'Low': 23200, 'High': 23650, 'Close': 23200}",0
CJ대한통운,2017,0.0,0.0,0.0,P,P,P,30.79,14.53,19.0,2654.0,52.75,"{'Low': 139500, 'High': 142500, 'Close': 140000}","{'Low': 165500, 'High': 169500, 'Close': 167000}"
CJ대한통운,2018,4.969345036534697,20.23448761404348,12.233047277251128,P_Contd,P_Contd,P_Contd,26.61,14.98,18.97,2839.0,58.82,"{'Low': 165500, 'High': 169500, 'Close': 167000}","{'Low': 153000, 'High': 156000, 'Close': 155000}"
CJ대한통운,2019,-10.085108655904586,-209.59435757549008,-113.73305961191592,P_Contd,P_Contd,L_Turned,21.54,7.1,8.63,1349.0,114.9,"{'Low': 153000, 'High': 156000, 'Close': 155000}","{'Low': 163000, 'High': 166500, 'Close': 165500}"
CJ대한통운,2020,6.937796507031208,31.20968426588971,1.6759186572823677,P_Contd,P_Contd,P_Turned,25.28,6.8,8.52,5683.0,29.12,"{'Low': 163000, 'High': 166500, 'Close': 165500}","{'Low': 124500, 'High': 126500, 'Close': 126000}"
CJ대한통운,2021,16.738122795295123,35.86450129562061,49.58173390461269,P_Contd,P_Contd,P_Contd,29.98,12.33,16.03,1841.0,68.44,"{'Low': 124500, 'High': 126500, 'Close': 126000}","{'Low': 93300, 'High': 97500, 'Close': 93700}"
CJ대한통운,2022,5.721868135847916,-26.358648761979435,-21.84281242788304,P_Contd,P_Contd,P_Contd,24.19,9.77,12.14,8190.0,11.44,"{'Low': 93300, 'High': 97500, 'Close': 93700}",0
현대로템,2017,0.0,0.0,0.0,P,P,L,30.79,14.53,19.0,-557.0,-33.66,"{'Low': 18700, 'High': 18950, 'Close': 18750}","{'Low': 27300, 'High': 28200, 'Close': 27850}"
현대로템,2018,4.969345036534697,20.23448761404348,12.233047277251128,P_Contd,L_Turned,L_Contd,26.61,14.98,18.97,-3539.0,-7.87,"{'Low': 27300, 'High': 28200, 'Close': 27850}","{'Low': 15500, 'High': 15800, 'Close': 15600}"
현대로템,2019,-10.085108655904586,-209.59435757549008,-113.73305961191592,P_Contd,L_Contd,L_Contd,21.54,7.1,8.63,-4168.0,-3.74,"{'Low': 15500, 'High': 15800, 'Close': 15600}","{'Low': 16750, 'High': 17300, 'Close': 17200}"
현대로템,2020,6.937796507031208,31.20968426588971,1.6759186572823677,P_Contd,P_Turned,P_Turned,25.28,6.8,8.52,326.0,52.76,"{'Low': 16750, 'High': 17300, 'Close': 17200}","{'Low': 20700, 'High': 21050, 'Close': 20800}"
현대로템,2021,16.738122795295123,35.86450129562061,49.58173390461269,P_Contd,P_Contd,P_Contd,29.98,12.33,16.03,609.0,34.15,"{'Low': 20700, 'High': 21050, 'Close': 20800}","{'Low': 27700, 'High': 28750, 'Close': 28400}"
현대로템,2022,5.721868135847916,-26.358648761979435,-21.84281242788304,P_Contd,P_Contd,P_Contd,24.19,9.77,12.14,1812.0,15.67,"{'Low': 27700, 'High': 28750, 'Close': 28400}",0
롯데지주,2017,0.0,0.0,0.0,L,L,L,30.79,14.53,19.0,7625.0,8.54,"{'Low': 64700, 'High': 65700, 'Close': 65100}","{'Low': 52200, 'High': 53300, 'Close': 52700}"
롯데지주,2018,4.969345036534697,20.23448761404348,12.233047277251128,L_Turned,P_Turned,L_Turned,26.61,14.98,18.97,2713.0,19.42,"{'Low': 52200, 'High': 53300, 'Close': 52700}","{'Low': 38500, 'High': 39000, 'Close': 38950}"
롯데지주,2019,-10.085108655904586,-209.59435757549008,-113.73305961191592,L_Turned,P_Contd,L_Turned,21.54,7.1,8.63,-5028.0,-7.75,"{'Low': 38500, 'High': 39000, 'Close': 38950}","{'Low': 34100, 'High': 35300, 'Close': 35300}"
롯데지주,2020,6.937796507031208,31.20968426588971,1.6759186572823677,L_Turned,P_Contd,L_Turned,25.28,6.8,8.52,-2775.0,-12.72,"{'Low': 34100, 'High': 35300, 'Close': 35300}","{'Low': 29850, 'High': 30250, 'Close': 29900}"
롯데지주,2021,16.738122795295123,35.86450129562061,49.58173390461269,L_Turned,P_Contd,L_Contd,29.98,12.33,16.03,4315.0,6.93,"{'Low': 29850, 'High': 30250, 'Close': 29900}","{'Low': 30750, 'High': 32000, 'Close': 30800}"
롯데지주,2022,5.721868135847916,-26.358648761979435,-21.84281242788304,L_Turned,P_Contd,P_Turned,24.19,9.77,12.14,2387.0,12.9,"{'Low': 30750, 'High': 32000, 'Close': 30800}",0
현대해상,2017,,,,,,,,,,,,"{'Low': 46550, 'High': 48000, 'Close': 47000}","{'Low': 40550, 'High': 41850, 'Close': 41050}"
현대해상,2018,,,,,,,,,,,,"{'Low': 40550, 'High': 41850, 'Close': 41050}","{'Low': 26600, 'High': 27300, 'Close': 26950}"
현대해상,2019,,,,,,,,,,,,"{'Low': 26600, 'High': 27300, 'Close': 26950}","{'Low': 22450, 'High': 22750, 'Close': 22750}"
현대해상,2020,,,,,,,,,,,,"{'Low': 22450, 'High': 22750, 'Close': 22750}","{'Low': 22800, 'High': 23350, 'Close': 22950}"
현대해상,2021,,,,,,,,,,,,"{'Low': 22800, 'High': 23350, 'Close': 22950}","{'Low': 29400, 'High': 30250, 'Close': 29450}"
현대해상,2022,,,,,,,,,,,,"{'Low': 29400, 'High': 30250, 'Close': 29450}",0
